run_id,graph_id,source,source_degree,in_giant,reached,m_reached,bfs_levels,bfs_frontier_max,bfs_frontier_wmean,sp_depth_max,sp_depth_mean,max_dist,ref_kind,ref_dist_hash
20260927T201414Z-51da,c66701076edbaf96,140379,4,1,1048576,4190208,1496,1270,949.169451,1570,698.355474,35265,refdijkstra,0194bc45aa2b7bd5
20260927T201414Z-51da,c66701076edbaf96,143033,4,1,1048576,4190208,1638,1165,828.452028,1679,788.195738,38347,refdijkstra,5b8da2ba23672360
20260927T201414Z-51da,c66701076edbaf96,473133,4,1,1048576,4190208,1508,1080,861.593718,1603,807.604258,36800,refdijkstra,551bb7beaf35b173
20260927T201414Z-51da,c66701076edbaf96,22045,4,1,1048576,4190208,1039,2018,1363.92241,1102,562.824392,24752,refdijkstra,b659a1864c16f101
20260927T201414Z-51da,c66701076edbaf96,367943,4,1,1048576,4190208,1806,1110,738.144909,1891,906.909895,42705,refdijkstra,19ea500da30075b2
20260927T201414Z-51da,c66701076edbaf96,955628,4,1,1048576,4190208,1757,1148,761.153444,1832,865.954075,41483,refdijkstra,9315192044a47b21
20260927T201414Z-51da,c66701076edbaf96,493619,4,1,1048576,4190208,1761,1089,762.322094,1841,878.938847,41628,refdijkstra,10dd6ae381b84252
20260927T201414Z-51da,c66701076edbaf96,78040,4,1,1048576,4190208,1761,1057,769.954693,1841,891.868002,41879,refdijkstra,56a292fe41b7d54b
20260927T201414Z-51da,c66701076edbaf96,597528,4,1,1048576,4190208,1593,1191,860.205332,1667,757.529221,37888,refdijkstra,da01e5ba298e7e3b
20260927T201414Z-51da,c66701076edbaf96,666088,4,1,1048576,4190208,1284,1528,1111.54821,1346,620.238346,30588,refdijkstra,d6d7e557f0f85169
20260927T201414Z-51da,c66701076edbaf96,93798,4,1,1048576,4190208,1455,1270,979.788151,1519,676.209908,34575,refdijkstra,6e7bf2cc1ae81de6
20260927T201414Z-51da,c66701076edbaf96,583195,4,1,1048576,4190208,1674,1066,810.320246,1764,850.380142,40160,refdijkstra,caff7e83ca886c86
20260927T201414Z-51da,c66701076edbaf96,828010,4,1,1048576,4190208,1455,1199,936.936838,1516,701.799009,34663,refdijkstra,7141a77e2ba6e87b
20260927T201414Z-51da,c66701076edbaf96,232399,4,1,1048576,4190208,1415,1266,994.365482,1484,666.473808,33578,refdijkstra,5acf05509edbbd79
20260927T201414Z-51da,c66701076edbaf96,439005,4,1,1048576,4190208,1544,1064,855.005424,1643,823.875731,36760,refdijkstra,a9ead817df417563
20260927T201414Z-51da,c66701076edbaf96,261911,4,1,1048576,4190208,1245,1606,1212.43118,1296,596.857763,29745,refdijkstra,8984d55349b3d674
20260927T201414Z-51da,c66701076edbaf96,306042,4,1,1048576,4190208,1507,1237,929.605473,1573,702.604248,35482,refdijkstra,776f1233a5dbe9e9
20260927T201414Z-51da,c66701076edbaf96,842254,4,1,1048576,4190208,1145,1806,1315.70612,1199,569.230303,27310,refdijkstra,e1b753c9824ba2ac
20260927T201414Z-51da,c66701076edbaf96,497647,4,1,1048576,4190208,1790,1140,744.898148,1874,893.025415,42318,refdijkstra,2670421aa8297b39
20260927T201414Z-51da,c66701076edbaf96,283052,4,1,1048576,4190208,1530,1267,921.486536,1614,713.02667,36407,refdijkstra,433493362fbdc0e3
20260927T201414Z-51da,c66701076edbaf96,299936,4,1,1048576,4190208,1760,1063,768.659143,1801,889.834904,41636,refdijkstra,5c046e9da7034c27
20260927T201414Z-51da,c66701076edbaf96,785373,4,1,1048576,4190208,1057,1982,1360.04847,1096,564.018257,25181,refdijkstra,231eddebd76b6fad
20260927T201414Z-51da,c66701076edbaf96,480378,4,1,1048576,4190208,1565,1176,872.175751,1641,749.035389,36874,refdijkstra,fff9cc247687e936
20260927T201414Z-51da,c66701076edbaf96,321060,4,1,1048576,4190208,1833,1109,726.54875,1922,927.594374,43010,refdijkstra,13683e5eb406929a
20260927T201414Z-51da,c66701076edbaf96,337388,4,1,1048576,4190208,1828,1104,728.874208,1920,924.064209,43213,refdijkstra,13904ab293644b4b
20260927T201414Z-51da,c66701076edbaf96,118671,4,1,1048576,4190208,1465,1239,956.780619,1534,688.581253,34485,refdijkstra,355e763c9e30148a
20260927T201414Z-51da,c66701076edbaf96,125150,4,1,1048576,4190208,1718,1102,782.77442,1761,854.300369,40233,refdijkstra,2610cb4418c2fa33
20260927T201414Z-51da,c66701076edbaf96,72476,4,1,1048576,4190208,1261,1574,1187.15191,1321,601.844629,29781,refdijkstra,511104ffeb974275
20260927T201414Z-51da,c66701076edbaf96,728509,4,1,1048576,4190208,1829,1096,729.064896,1917,924.590963,43323,refdijkstra,d5ba49a61aad2090
20260927T201414Z-51da,c66701076edbaf96,679264,4,1,1048576,4190208,1692,1071,800.738741,1755,846.521191,40082,refdijkstra,1f9f145164a8d3ba
20260927T201414Z-51da,c66701076edbaf96,828590,4,1,1048576,4190208,1646,1142,821.134855,1723,796.979979,39253,refdijkstra,75869235508b61de
20260927T201414Z-51da,c66701076edbaf96,411591,4,1,1048576,4190208,1165,1766,1281.61328,1225,578.392561,27557,refdijkstra,3a9a9b90ef518cee
20260927T201414Z-51da,c66701076edbaf96,555679,4,1,1048576,4190208,1456,1244,965.032904,1527,686.020269,34192,refdijkstra,afbdace234d8e184
20260927T201414Z-51da,c66701076edbaf96,417721,4,1,1048576,4190208,1566,1166,868.708349,1652,754.360941,37248,refdijkstra,bf42c08a928ad325
20260927T201414Z-51da,c66701076edbaf96,199603,4,1,1048576,4190208,1356,1384,1068.82847,1417,635.366552,32209,refdijkstra,0f95736287a6c51b
20260927T201414Z-51da,c66701076edbaf96,625990,4,1,1048576,4190208,1118,1860,1310.69237,1170,571.206987,26603,refdijkstra,d023fd85e5b256d3
20260927T201414Z-51da,c66701076edbaf96,931576,4,1,1048576,4190208,1548,1180,882.664188,1632,741.390781,36793,refdijkstra,dc4ab5fe35160bb7
20260927T201414Z-51da,c66701076edbaf96,388607,4,1,1048576,4190208,1302,1492,1097.10096,1341,625.368713,30799,refdijkstra,d60d882602bb2445
20260927T201414Z-51da,c66701076edbaf96,40305,4,1,1048576,4190208,1763,1138,757.981155,1843,869.179874,41515,refdijkstra,4867207887c75490
20260927T201414Z-51da,c66701076edbaf96,297024,4,1,1048576,4190208,1333,1430,1097.26921,1392,625.79413,31690,refdijkstra,470a3109f4dfe476
20260927T201414Z-51da,c66701076edbaf96,928309,4,1,1048576,4190208,1636,1095,824.64274,1699,815.260284,38960,refdijkstra,beddfd281855b9d6
20260927T201414Z-51da,c66701076edbaf96,274490,4,1,1048576,4190208,1883,1030,721.713957,1930,978.021549,43993,refdijkstra,b76d667cc7b3dc10
20260927T201414Z-51da,c66701076edbaf96,545768,4,1,1048576,4190208,1467,1162,872.357079,1566,784.296707,35918,refdijkstra,5dcf8ffaad60d6ba
20260927T201414Z-51da,c66701076edbaf96,20469,4,1,1048576,4190208,1715,1143,783.200417,1792,834.356543,40716,refdijkstra,c5e981f86d212703
20260927T201414Z-51da,c66701076edbaf96,531301,4,1,1048576,4190208,1751,1094,766.648085,1832,875.466955,41254,refdijkstra,3386570d5a03a7e2
20260927T201414Z-51da,c66701076edbaf96,1047443,4,1,1048576,4190208,1339,1418,986.10796,1430,677.240147,32446,refdijkstra,758e4e780d07883b
20260927T201414Z-51da,c66701076edbaf96,638272,4,1,1048576,4190208,1529,1131,874.528524,1608,760.491478,36313,refdijkstra,19bcdf9016021200
20260927T201414Z-51da,c66701076edbaf96,975530,4,1,1048576,4190208,1397,1302,1018.856,1464,658.070293,33367,refdijkstra,b5cb4363695dc642
20260927T201414Z-51da,c66701076edbaf96,914696,4,1,1048576,4190208,1766,1159,756.736586,1853,873.436394,41614,refdijkstra,9630dc5d377e379e
20260927T201414Z-51da,c66701076edbaf96,169940,4,1,1048576,4190208,1712,1102,785.91522,1791,845.884331,40292,refdijkstra,95882738bea78e48
20260927T201414Z-51da,c66701076edbaf96,834360,4,1,1048576,4190208,1648,1099,818.800329,1713,814.649687,39279,refdijkstra,b2af9c052f6aa536
20260927T201414Z-51da,c66701076edbaf96,518322,4,1,1048576,4190208,1656,1069,817.964394,1739,843.479067,39228,refdijkstra,db073bf0f90b2a98
20260927T201414Z-51da,c66701076edbaf96,577541,4,1,1048576,4190208,1516,1210,912.316099,1594,715.673359,35936,refdijkstra,77a65005472fc098
20260927T201414Z-51da,c66701076edbaf96,764242,4,1,1048576,4190208,1546,1148,873.101925,1618,751.170822,36559,refdijkstra,9033d32d9660e9c4
20260927T201414Z-51da,c66701076edbaf96,14706,4,1,1048576,4190208,1283,1530,1073.23355,1355,635.777409,30866,refdijkstra,a5e618cc4a6cd11c
20260927T201414Z-51da,c66701076edbaf96,471650,4,1,1048576,4190208,1361,1374,1043.35262,1422,644.056141,32758,refdijkstra,5c2db82f624f6019
20260927T201414Z-51da,c66701076edbaf96,192150,4,1,1048576,4190208,1464,1262,969.671785,1533,677.809303,34681,refdijkstra,a0aa745d6464a44e
20260927T201414Z-51da,c66701076edbaf96,59477,4,1,1048576,4190208,1771,1058,764.602922,1848,898.000038,42100,refdijkstra,a204b81edc32cc7e
20260927T201414Z-51da,c66701076edbaf96,201224,4,1,1048576,4190208,1445,1282,992.603537,1509,663.85215,34330,refdijkstra,7c70dcbcc6f31504
20260927T201414Z-51da,c66701076edbaf96,12846,4,1,1048576,4190208,1582,1180,863.801804,1662,754.106371,37454,refdijkstra,53492d3ce70c619e
20260927T201414Z-51da,c66701076edbaf96,88685,4,1,1048576,4190208,1850,1035,734.452497,1937,957.430246,43664,refdijkstra,0e83a3e19213231b
20260927T201414Z-51da,c66701076edbaf96,637,4,1,1048576,4190208,1480,1287,966.320492,1544,683.89226,35189,refdijkstra,cb147f7f9395de4d
20260927T201414Z-51da,c66701076edbaf96,140682,4,1,1048576,4190208,1681,1201,806.259352,1754,807.114323,39560,refdijkstra,05f6bf3b97ab9c44
20260927T201414Z-51da,c66701076edbaf96,242263,4,1,1048576,4190208,1412,1272,938.7353,1493,711.600199,33577,refdijkstra,909314f25aeaa7d5
20260927T201414Z-51da,c66701076edbaf96,955528,4,1,1048576,4190208,1193,1710,1271.55673,1250,581.152403,28082,refdijkstra,b2722a7e696c72df
20260927T201414Z-51da,c66701076edbaf96,604431,4,1,1048576,4190208,1360,1376,1087.57035,1426,629.347567,32374,refdijkstra,fd90c4b8cb50dbff
20260927T201414Z-51da,c66701076edbaf96,968747,4,1,1048576,4190208,1571,1095,851.447206,1667,797.341768,37866,refdijkstra,7e6718b380684cd1
20260927T201414Z-51da,c66701076edbaf96,25579,4,1,1048576,4190208,1847,1115,720.880985,1932,936.183498,43318,refdijkstra,3229d6200a4fb418
20260927T201414Z-51da,c66701076edbaf96,802074,4,1,1048576,4190208,1684,1164,801.810892,1764,812.153637,39724,refdijkstra,75cdb86da5eabfb0
20260927T201414Z-51da,c66701076edbaf96,785602,4,1,1048576,4190208,1464,1172,916.50082,1539,724.466997,35102,refdijkstra,816414c006cc404e
20260927T201414Z-51da,c66701076edbaf96,800647,4,1,1048576,4190208,1899,1086,704.050125,1986,984.193762,44513,refdijkstra,826cd67eaa9f4b33
20260927T201414Z-51da,c66701076edbaf96,1034835,4,1,1048576,4190208,1285,1526,1178.32369,1351,601.400833,30520,refdijkstra,aee93ced3cba03e1
20260927T201414Z-51da,c66701076edbaf96,591983,4,1,1048576,4190208,1686,1094,800.201399,1727,835.37092,39836,refdijkstra,06921044afbc0a6c
20260927T201414Z-51da,c66701076edbaf96,509143,4,1,1048576,4190208,1572,1191,872.720665,1640,746.16585,37468,refdijkstra,caa8a0c2a48999bb
20260927T201414Z-51da,c66701076edbaf96,258004,4,1,1048576,4190208,1732,1085,777.864693,1812,866.481049,41185,refdijkstra,72de258eb31bb540
20260927T201414Z-51da,c66701076edbaf96,1008134,4,1,1048576,4190208,1891,1058,710.102648,1970,980.04591,44393,refdijkstra,ad81620dd0ccc9a5
20260927T201414Z-51da,c66701076edbaf96,693058,4,1,1048576,4190208,1736,1158,772.433016,1825,851.72801,41096,refdijkstra,6a6111f023fb9ad7
20260927T201414Z-51da,c66701076edbaf96,567498,4,1,1048576,4190208,1750,1080,769.588654,1835,874.175791,41096,refdijkstra,4d57830ba3fcf997
20260927T201414Z-51da,c66701076edbaf96,626061,4,1,1048576,4190208,1716,1040,798.064362,1798,880.742025,40931,refdijkstra,2bc79ed65418744c
20260927T201414Z-51da,c66701076edbaf96,599867,4,1,1048576,4190208,1490,1137,889.430996,1567,750.540434,35979,refdijkstra,bc4ff01d7bce33e5
20260927T201414Z-51da,c66701076edbaf96,721594,4,1,1048576,4190208,1647,1172,824.258812,1690,791.845303,38555,refdijkstra,e5d860fd5f515748
20260927T201414Z-51da,c66701076edbaf96,755768,4,1,1048576,4190208,1556,1199,884.693138,1641,742.496132,36803,refdijkstra,f0545bbc59e2b6d9
20260927T201414Z-51da,c66701076edbaf96,481879,4,1,1048576,4190208,1351,1394,1039.81957,1410,648.468615,32513,refdijkstra,eb33c6eedfcb1504
20260927T201414Z-51da,c66701076edbaf96,666926,4,1,1048576,4190208,1425,1246,938.922375,1494,708.435587,34272,refdijkstra,3b100f409ba061e0
20260927T201414Z-51da,c66701076edbaf96,812308,4,1,1048576,4190208,1556,1125,862.535034,1631,773.329163,36985,refdijkstra,c31adf4c361e9520
20260927T201414Z-51da,c66701076edbaf96,940471,4,1,1048576,4190208,1915,1032,708.206459,2000,1004.30809,45001,refdijkstra,02bdf829a1772f2a
20260927T201414Z-51da,c66701076edbaf96,705817,4,1,1048576,4190208,1586,1177,860.731403,1658,758.385883,37752,refdijkstra,d08744491a4f6254
20260927T201414Z-51da,c66701076edbaf96,378775,4,1,1048576,4190208,1843,1091,723.683172,1933,942.371479,43421,refdijkstra,7976fe449628ee76
20260927T201414Z-51da,c66701076edbaf96,11928,4,1,1048576,4190208,1279,1538,1076.37466,1357,636.198698,30910,refdijkstra,e313e61597c97dcc
20260927T201414Z-51da,c66701076edbaf96,149969,4,1,1048576,4190208,1686,1130,798.65275,1758,823.332489,39962,refdijkstra,90f30508e8b238e3
20260927T201414Z-51da,c66701076edbaf96,518422,4,1,1048576,4190208,1100,1896,1340.09973,1170,568.210724,26293,refdijkstra,c0b6e9e87d2215b0
20260927T201414Z-51da,c66701076edbaf96,764093,4,1,1048576,4190208,1533,1270,919.393896,1602,710.446856,36265,refdijkstra,53bfc44cc00c87db
20260927T201414Z-51da,c66701076edbaf96,818556,4,1,1048576,4190208,1740,1098,771.773577,1819,868.362993,41379,refdijkstra,3d8997c00e6cf508
20260927T201414Z-51da,c66701076edbaf96,284007,4,1,1048576,4190208,1237,1622,1218.13457,1294,593.802387,28933,refdijkstra,2c0ccfa7ab97af66
20260927T201414Z-51da,c66701076edbaf96,147527,4,1,1048576,4190208,1743,1064,776.979546,1784,879.762947,41181,refdijkstra,6414f13426478617
20260927T201414Z-51da,c66701076edbaf96,810773,4,1,1048576,4190208,1324,1448,1031.02665,1388,649.461365,31543,refdijkstra,26ab53717621d5f2
20260927T201414Z-51da,c66701076edbaf96,496849,4,1,1048576,4190208,1718,1045,795.30909,1830,883.843185,40811,refdijkstra,61fa850a08bc862f
20260927T201414Z-51da,c66701076edbaf96,1013688,4,1,1048576,4190208,1628,1026,838.058954,1721,864.074663,39478,refdijkstra,1fa814dfb1f7b535
20260927T201414Z-51da,c66701076edbaf96,935512,4,1,1048576,4190208,1585,1207,869.172579,1658,750.251486,37730,refdijkstra,9403f9d957fe5c2b
20260927T201414Z-51da,c66701076edbaf96,714883,4,1,1048576,4190208,1745,1117,767.507111,1815,861.064205,41239,refdijkstra,4867872a759d804d
20260927T201414Z-51da,c66701076edbaf96,670214,4,1,1048576,4190208,1683,1069,805.485023,1769,850.124357,40333,refdijkstra,9888b5552dc26be3
20260927T201414Z-51da,c66701076edbaf96,922346,4,1,1048576,4190208,1255,1586,1204.61325,1314,594.888683,29594,refdijkstra,10711b84b3bef833
20260927T201414Z-51da,c66701076edbaf96,802242,4,1,1048576,4190208,1340,1416,1073.7861,1407,631.760836,32112,refdijkstra,5f8b395e1c757b0b
20260927T201414Z-51da,c66701076edbaf96,45284,4,1,1048576,4190208,1763,1070,765.261435,1840,889.197508,41887,refdijkstra,101c5992f307ed7a
20260927T201414Z-51da,c66701076edbaf96,908797,4,1,1048576,4190208,1602,1051,840.98126,1710,839.949398,38799,refdijkstra,2c3edda3a4e7d134
20260927T201414Z-51da,c66701076edbaf96,281396,4,1,1048576,4190208,1944,1066,693.258509,2025,1026.25896,45960,refdijkstra,9914811ae5975590
20260927T201414Z-51da,c66701076edbaf96,1000550,4,1,1048576,4190208,1335,1426,1017.09138,1394,658.422333,31996,refdijkstra,657bfc39edfde598
20260927T201414Z-51da,c66701076edbaf96,73594,4,1,1048576,4190208,1698,1181,794.945189,1794,820.30479,40234,refdijkstra,89a0693a7eb907df
20260927T201414Z-51da,c66701076edbaf96,301631,4,1,1048576,4190208,1798,1056,751.768242,1899,921.504889,42855,refdijkstra,a13c34ca5c449e66
20260927T201414Z-51da,c66701076edbaf96,430170,4,1,1048576,4190208,1483,1304,965.717937,1554,683.922558,35101,refdijkstra,3139fb5fd0f393b3
20260927T201414Z-51da,c66701076edbaf96,752814,4,1,1048576,4190208,1150,1796,1290.76732,1207,580.935886,27131,refdijkstra,8c917a45d206552d
20260927T201414Z-51da,c66701076edbaf96,679839,4,1,1048576,4190208,1600,1172,851.559139,1682,764.358271,37878,refdijkstra,71f28c62aa82d217
20260927T201414Z-51da,c66701076edbaf96,619664,4,1,1048576,4190208,1277,1542,1165.3267,1329,602.135382,30262,refdijkstra,95f2dcfc501ad06e
20260927T201414Z-51da,c66701076edbaf96,98827,4,1,1048576,4190208,1275,1546,1160.34407,1345,607.078741,30096,refdijkstra,00612f347f63bc08
20260927T201414Z-51da,c66701076edbaf96,105994,4,1,1048576,4190208,1575,1033,849.362621,1732,859.218863,38632,refdijkstra,4bfaff9193bbdfef
20260927T201414Z-51da,c66701076edbaf96,243457,4,1,1048576,4190208,1874,1051,718.44824,1961,968.567276,43933,refdijkstra,ad0dd27816987427
20260927T201414Z-51da,c66701076edbaf96,734875,4,1,1048576,4190208,1831,1070,732.276464,1918,929.534311,42956,refdijkstra,17ef0d8567862766
20260927T201414Z-51da,c66701076edbaf96,370736,4,1,1048576,4190208,1665,1180,814.590368,1745,798.342392,39247,refdijkstra,5c3180fa34ea9049
20260927T201414Z-51da,c66701076edbaf96,521055,4,1,1048576,4190208,1645,1216,830.635996,1718,785.19454,38800,refdijkstra,ab61220815625a78
20260927T201414Z-51da,c66701076edbaf96,697461,4,1,1048576,4190208,1800,1038,757.370329,1887,921.632641,42296,refdijkstra,3ddf044e25f83d4f
20260927T201414Z-51da,c66701076edbaf96,696648,4,1,1048576,4190208,1637,1216,836.105074,1712,780.099012,38774,refdijkstra,254d9204a927830b
20260927T201414Z-51da,c66701076edbaf96,322939,4,1,1048576,4190208,1496,1106,874.412256,1579,774.938843,36614,refdijkstra,b26fbd06f48c7658
20260927T201414Z-51da,c66701076edbaf96,235403,4,1,1048576,4190208,1320,1456,1129.33525,1382,615.318846,31370,refdijkstra,b78b1de2f5a26d81
20260927T201414Z-51da,c66701076edbaf96,842932,4,1,1048576,4190208,1353,1390,973.829754,1440,683.008373,32693,refdijkstra,292a2f6ed53c5012
20260927T201414Z-51da,c66701076edbaf96,776073,4,1,1048576,4190208,1488,1231,938.758961,1561,700.310865,34972,refdijkstra,a04df1093857d854
20260927T201414Z-51da,c66701076edbaf96,159157,4,1,1048576,4190208,1690,1037,811.077209,1798,876.068287,40438,refdijkstra,940851ec667c58ee
20260927T201414Z-51da,c66701076edbaf96,824874,4,1,1048576,4190208,1356,1384,1075.63147,1419,635.782949,31843,refdijkstra,d42cb5898be984f3
20260927T201414Z-51da,c66701076edbaf96,523339,4,1,1048576,4190208,1287,1522,1126.18499,1349,615.861446,30695,refdijkstra,6b13bf0bd1b7f21b
