constant,value
alpha_frontier_us,15.3517643
alpha_nearfar_us_per_sync,9.21579855
alpha_sync_us,3.8637972
theta_uniform_deg8_edges_per_ns,4.484079389083687
cost_per_vertex_uniform_deg8_ns,1.784003851486535
theta_grid_deg4_edges_per_ns,1.998698320721385
cost_per_vertex_grid_deg4_ns,2.0003217115258667
lambda_gpu-topo_ns,132.931334
lambda_gpu-frontier_ns,17.9473744
d2h_pageable_1MB_GBps,8.602783094384593
d2h_pageable_16MB_GBps,14.668269940883357
d2h_pageable_1024MB_GBps,15.364503848473719
d2h_pinned_1MB_GBps,16.44154507378938
d2h_pinned_16MB_GBps,19.043551014331292
d2h_pinned_1024MB_GBps,19.367548643021916
h2d_pageable_1MB_GBps,12.208644056849558
h2d_pageable_16MB_GBps,16.178232785774817
h2d_pageable_1024MB_GBps,16.72892731375198
h2d_pinned_1MB_GBps,17.42978726301494
h2d_pinned_16MB_GBps,20.043123017837917
h2d_pinned_1024MB_GBps,20.366370803716794
omp_region_24_threads_us,2.09853495
