experiment,label,solver,run_cache,sources,q_ms,wall_ms,solve_ms,untimed_ms,host_syncs,edges_touched,vertices_expanded,iota,graph_id
A,layered W=16 unit,delta,warm,8,102.8009045,102.8009045,100.1077865,0.0005534999999881052,0.0,16776960.0,1048576.0,2.0,311d2a6584a75fcc
A,layered W=16 unit,delta-omp,warm,8,106.669472,106.669472,104.3057075,0.0007309999999947081,0.0,16776960.0,1048576.0,2.0,311d2a6584a75fcc
A,layered W=16 unit,dial,warm,8,82.0465395,82.0465395,80.6403535,0.0004679999999908091,0.0,8388480.0,1048576.0,1.0,311d2a6584a75fcc
A,layered W=16 unit,dijkstra,warm,8,116.07243,116.07243,116.070789,0.0009925000000023942,0.0,8388480.0,1048576.0,1.0,311d2a6584a75fcc
A,layered W=16 unit,gpu-frontier,warm,8,944.7869575,951.373527,944.288391,0.03741997499997751,65536.0,8388480.0,1048576.0,1.0,311d2a6584a75fcc
A,layered W=16 unit,gpu-nearfar,warm,8,2763.0635485000003,2771.126355,2762.52991,1.336138039999696,524284.0,8388480.0,1048576.0,1.0,311d2a6584a75fcc
A,"layered W=16 u[1,100]",delta,warm,8,150.321456,150.321456,147.875889,0.0005524999999977354,0.0,18461118.0,1151683.5,2.2007703421835663,5b204e688ade65eb
A,"layered W=16 u[1,100]",delta-omp,warm,8,156.7666845,156.7666845,154.53137750000002,0.0006685000000032915,0.0,18461118.0,1151683.5,2.2007703421835663,5b204e688ade65eb
A,"layered W=16 u[1,100]",dial,warm,8,112.783275,112.783275,111.3648485,0.0004475000000141449,0.0,8388480.0,1048576.0,1.0,5b204e688ade65eb
A,"layered W=16 u[1,100]",dijkstra,warm,8,204.9598565,204.9598565,204.9578425,0.001200499999995941,0.0,8388480.0,1048576.0,1.0,5b204e688ade65eb
A,"layered W=16 u[1,100]",gpu-frontier,warm,8,2235.9235879999997,2242.21605,2235.3941649999997,0.05406397000024299,71236.0,11629727495.0,1453770521.0,1386.392707022011,5b204e688ade65eb
A,"layered W=16 u[1,100]",gpu-nearfar,warm,8,3731.6372545,3739.411395,3731.101685,1.2769685950001985,659058.0,8773149.5,1094757.5,1.0458568775272754,5b204e688ade65eb
A,layered W=64 unit,delta,warm,8,100.454431,100.454431,98.098995,0.0004220000000003665,0.0,16776192.0,1048576.0,2.0,befd322d6731a304
A,layered W=64 unit,delta-omp,warm,8,104.580337,104.580337,102.3200155,0.0006325000000089176,0.0,16776192.0,1048576.0,2.0,befd322d6731a304
A,layered W=64 unit,dial,warm,8,82.36449350000001,82.36449350000001,81.0610195,0.0003399999999871284,0.0,8388096.0,1048576.0,1.0,befd322d6731a304
A,layered W=64 unit,dijkstra,warm,8,126.15014550000001,126.15014550000001,126.14853099999999,0.00087400000000315,0.0,8388096.0,1048576.0,1.0,befd322d6731a304
A,layered W=64 unit,gpu-frontier,warm,8,236.0432505,242.39185550000002,235.573807,0.026033459999993624,16384.0,8388096.0,1048576.0,1.0,befd322d6731a304
A,layered W=64 unit,gpu-nearfar,warm,8,690.0461579999999,697.8835475,689.5072325,1.2624140499999612,131068.0,8388096.0,1048576.0,1.0,befd322d6731a304
A,"layered W=64 u[1,100]",delta,warm,8,147.2620195,147.2620195,145.07196950000002,0.000494499999973641,0.0,18473593.0,1152107.0,2.2023583182643596,b42e62b6e457faba
A,"layered W=64 u[1,100]",delta-omp,warm,8,154.340861,154.340861,152.08926400000001,0.0006310000000127047,0.0,18473593.0,1152107.0,2.2023583182643596,b42e62b6e457faba
A,"layered W=64 u[1,100]",dial,warm,8,101.119296,101.119296,99.77427499999999,0.00026799999999838064,0.0,8388096.0,1048576.0,1.0,b42e62b6e457faba
A,"layered W=64 u[1,100]",dijkstra,warm,8,227.4863455,227.4863455,227.4826225,0.0009670000000028267,0.0,8388096.0,1048576.0,1.0,b42e62b6e457faba
A,"layered W=64 u[1,100]",gpu-frontier,warm,8,689.5962314999999,695.869425,689.0726010000001,0.03290989499993202,18256.0,3855913980.0,482058797.0,459.68882330388203,b42e62b6e457faba
A,"layered W=64 u[1,100]",gpu-nearfar,warm,8,1005.8512310000001,1013.631715,1005.29358,1.2476923699999816,171259.0,8796697.5,1097190.0,1.0487120676730453,b42e62b6e457faba
A,layered W=256 unit,delta,warm,8,100.41511650000001,100.41511650000001,98.1339255,0.00046250000000469527,0.0,16773120.0,1048572.0,2.0,f33a7777d501c90e
A,layered W=256 unit,delta-omp,warm,8,105.486442,105.486442,103.07376099999999,0.0011140000000011696,0.0,16773120.0,1048572.0,2.0,f33a7777d501c90e
A,layered W=256 unit,dial,warm,8,82.9673825,82.9673825,81.711363,0.0003124999999997158,0.0,8386560.0,1048572.0,1.0,f33a7777d501c90e
A,layered W=256 unit,dijkstra,warm,8,135.2857835,135.2857835,135.284069,0.0009384999999895172,0.0,8386560.0,1048572.0,1.0,f33a7777d501c90e
A,layered W=256 unit,gpu-frontier,warm,8,59.413591100000005,65.735646,58.96544075,0.023243114999992542,4097.0,8386560.0,1048572.0,1.0,f33a7777d501c90e
A,layered W=256 unit,gpu-nearfar,warm,8,172.94662849999997,180.7535385,172.445038,1.2772669750000034,32772.0,8386560.0,1048572.0,1.0,f33a7777d501c90e
A,"layered W=256 u[1,100]",delta,warm,8,148.19325800000001,148.19325800000001,145.79637400000001,0.0007440000000116243,0.0,18474788.0,1152148.0,2.202904170482295,8e15dabf21369ba5
A,"layered W=256 u[1,100]",delta-omp,warm,8,154.601799,154.601799,152.34706799999998,0.00086199999999792,0.0,18474788.0,1152148.0,2.202904170482295,8e15dabf21369ba5
A,"layered W=256 u[1,100]",dial,warm,8,98.702699,98.702699,97.47374500000001,0.00046200000000595765,0.0,8386560.0,1048572.0,1.0,8e15dabf21369ba5
A,"layered W=256 u[1,100]",dijkstra,warm,8,255.7673165,255.7673165,255.7652605,0.0012285000000105128,0.0,8386560.0,1048572.0,1.0,8e15dabf21369ba5
A,"layered W=256 u[1,100]",gpu-frontier,warm,8,176.36204250000003,182.7132215,175.88779449999998,0.024700515000006362,4589.0,943922953.0,118062068.5,112.55186310000764,8e15dabf21369ba5
A,"layered W=256 u[1,100]",gpu-nearfar,warm,8,278.8078745,286.7018405,278.2783205,1.2553416249999714,45993.0,8792775.0,1096754.0,1.0484364268543955,8e15dabf21369ba5
A,layered W=1024 unit,delta,warm,8,102.7957015,102.7957015,100.678886,0.000522999999994056,0.0,16760832.0,1048549.0,2.0,47723c0c97ca9222
A,layered W=1024 unit,delta-omp,warm,8,107.51279249999999,107.51279249999999,105.25914800000001,0.0011865000000028658,0.0,16760832.0,1048549.0,2.0,47723c0c97ca9222
A,layered W=1024 unit,dial,warm,8,83.23381499999999,83.23381499999999,82.0623785,0.00037499999999823785,0.0,8380416.0,1048549.0,1.0,47723c0c97ca9222
A,layered W=1024 unit,dijkstra,warm,8,149.82739800000002,149.82739800000002,149.8255385,0.001048499999996011,0.0,8380416.0,1048549.0,1.0,47723c0c97ca9222
A,layered W=1024 unit,gpu-frontier,warm,8,15.29262295,21.611921000000002,14.8546877,0.022551149999999964,1026.0,8380416.0,1048549.0,1.0,47723c0c97ca9222
A,layered W=1024 unit,gpu-nearfar,warm,8,44.50554435,52.312309,44.00030325,1.2529486349999992,8204.0,8380416.0,1048549.0,1.0,47723c0c97ca9222
A,"layered W=1024 u[1,100]",delta,warm,8,151.2336595,151.2336595,149.041268,0.0004559999999997899,0.0,18449823.0,1151594.0,2.201540233802236,c8f3e5be4bc53f18
A,"layered W=1024 u[1,100]",delta-omp,warm,8,157.2048185,157.2048185,154.952452,0.0006875000000121645,0.0,18449823.0,1151594.0,2.201540233802236,c8f3e5be4bc53f18
A,"layered W=1024 u[1,100]",dial,warm,8,98.66014849999999,98.66014849999999,97.45047149999999,0.00025049999999993133,0.0,8380416.0,1048549.0,1.0,c8f3e5be4bc53f18
A,"layered W=1024 u[1,100]",dijkstra,warm,8,281.8578115,281.8578115,281.8561005,0.0011940000000549844,0.0,8380416.0,1048549.0,1.0,c8f3e5be4bc53f18
A,"layered W=1024 u[1,100]",gpu-frontier,warm,8,48.8329961,55.258109000000005,48.38124845,0.023122374999999806,1167.0,266378305.5,33374308.5,31.785809379868493,c8f3e5be4bc53f18
A,"layered W=1024 u[1,100]",gpu-nearfar,warm,8,78.6430708,86.543092,78.1114388,1.2513294699999946,12657.0,8773772.0,1095255.0,1.0469375267289833,c8f3e5be4bc53f18
A,layered W=4096 unit,delta,warm,8,106.3619555,106.3619555,104.2518895,0.0005930000000020641,0.0,16711680.0,1048496.0,2.0,b4e6041f29fe5a5a
A,layered W=4096 unit,delta-omp,warm,8,62.896274500000004,62.896274500000004,60.5750525,0.0013550000000037699,0.0,16711680.0,1048496.0,2.0,b4e6041f29fe5a5a
A,layered W=4096 unit,dial,warm,8,83.6917375,83.6917375,82.61412200000001,0.00044349999999582224,0.0,8355840.0,1048496.0,1.0,b4e6041f29fe5a5a
A,layered W=4096 unit,dijkstra,warm,8,164.3362505,164.3362505,164.3347645,0.0010995000000093569,0.0,8355840.0,1048496.0,1.0,b4e6041f29fe5a5a
A,layered W=4096 unit,gpu-edge,warm,8,4.28998157,21.976559,3.75774407,0.02656153500000258,33.0,275742720.0,0.0,33.0,b4e6041f29fe5a5a
A,layered W=4096 unit,gpu-frontier,warm,8,4.271577555,10.5853565,3.783743975,0.022624310000001202,258.0,8355840.0,1048496.0,1.0,b4e6041f29fe5a5a
A,layered W=4096 unit,gpu-nearfar,warm,8,11.66255415,19.4814625,11.136432150000001,1.2567323100000003,2060.0,8355840.0,1048496.0,1.0,b4e6041f29fe5a5a
A,"layered W=4096 u[1,100]",delta,warm,8,158.802123,158.802123,156.3147745,0.00044900000000325235,0.0,18407065.0,1152089.5,2.2028982125076593,a02119d6d84fde7d
A,"layered W=4096 u[1,100]",delta-omp,warm,8,36.2013365,36.2013365,33.8765105,0.0006034999999968704,0.0,18407801.0,1152161.5,2.2029862946155028,a02119d6d84fde7d
A,"layered W=4096 u[1,100]",dial,warm,8,99.49210550000001,99.49210550000001,98.3361355,0.0004690000000024952,0.0,8355840.0,1048496.0,1.0,a02119d6d84fde7d
A,"layered W=4096 u[1,100]",dijkstra,warm,8,299.38826600000004,299.38826600000004,299.3864635,0.0013289999999699376,0.0,8355840.0,1048496.0,1.0,a02119d6d84fde7d
A,"layered W=4096 u[1,100]",gpu-edge,warm,8,32.40137625,50.070432499999995,31.86712075,0.02606963999999934,163.5,1366179840.0,0.0,163.5,a02119d6d84fde7d
A,"layered W=4096 u[1,100]",gpu-frontier,warm,8,13.5425852,19.928275,13.0299358,0.02281306999999977,309.5,71638358.0,9030176.0,8.573447792202819,a02119d6d84fde7d
A,"layered W=4096 u[1,100]",gpu-nearfar,warm,8,23.1892389,31.075113,22.66476825,1.2601722150000008,3605.0,8732702.5,1093327.0,1.0451016893573835,a02119d6d84fde7d
A,layered W=16384 unit,delta,warm,8,109.17704950000001,109.17704950000001,106.977667,0.0005670000000037589,0.0,16515072.0,1048285.0,2.0,cea9a485519d0412
A,layered W=16384 unit,delta-omp,warm,8,12.168568,12.168568,10.108709000000001,0.001258999999999233,0.0,16515072.0,1048285.0,2.0,cea9a485519d0412
A,layered W=16384 unit,dial,warm,8,84.962399,84.962399,83.87812249999999,0.0004400000000046589,0.0,8257536.0,1048285.0,1.0,cea9a485519d0412
A,layered W=16384 unit,dijkstra,warm,8,156.4161305,156.4161305,156.4140535,0.001196499999991829,0.0,8257536.0,1048285.0,1.0,cea9a485519d0412
A,layered W=16384 unit,gpu-edge,warm,8,2.27527352,19.815694999999998,1.7661759849999998,0.025439109999998877,13.0,107347968.0,0.0,13.0,cea9a485519d0412
A,layered W=16384 unit,gpu-frontier,warm,8,2.4685750449999997,8.7431,1.98401594,0.021876575000000287,66.0,8257536.0,1048285.0,1.0,cea9a485519d0412
A,layered W=16384 unit,gpu-nearfar,warm,8,4.30801544,12.064968499999999,3.80723202,1.2590204850000015,524.0,8257536.0,1048285.0,1.0,cea9a485519d0412
A,"layered W=16384 u[1,100]",delta,warm,8,162.0491055,162.0491055,159.94142649999998,0.00047650000001908666,0.0,18165069.0,1149905.5,2.199817112513951,666900a6963d30df
A,"layered W=16384 u[1,100]",delta-omp,warm,8,30.047492,30.047492,27.895126,0.0006759999999985666,0.0,18166538.0,1149932.5,2.1999950106181796,666900a6963d30df
A,"layered W=16384 u[1,100]",dial,warm,8,98.6423255,98.6423255,97.4576215,0.00041650000000714726,0.0,8257536.0,1048285.0,1.0,666900a6963d30df
A,"layered W=16384 u[1,100]",dijkstra,warm,8,304.811507,304.811507,304.809703,0.001247999999975491,0.0,8257536.0,1048285.0,1.0,666900a6963d30df
A,"layered W=16384 u[1,100]",gpu-edge,warm,8,9.761701225,27.3504065,9.245600225,0.026233649999999997,50.0,412876800.0,0.0,50.0,666900a6963d30df
A,"layered W=16384 u[1,100]",gpu-frontier,warm,8,5.68803329,12.051487999999999,5.1741437900000005,0.02256583499999998,90.0,30647833.5,3927328.0,3.7114986238025485,666900a6963d30df
A,"layered W=16384 u[1,100]",gpu-nearfar,warm,8,8.749448155000001,16.530352999999998,8.235648155,1.2529600600000004,1174.0,8621735.5,1091731.0,1.0441051059299045,666900a6963d30df
A,layered W=65536 unit,delta,warm,8,109.4785745,109.4785745,107.4175915,0.0006385000000008745,0.0,15728640.0,1047382.0,2.0,ed8f912c60804058
A,layered W=65536 unit,delta-omp,warm,8,11.8450415,11.8450415,9.8178915,0.001347500000000501,0.0,15728640.0,1047382.0,2.0,ed8f912c60804058
A,layered W=65536 unit,dial,warm,8,80.49573699999999,80.49573699999999,79.5006085,0.0004100000000022419,0.0,7864320.0,1047382.0,1.0,ed8f912c60804058
A,layered W=65536 unit,dijkstra,warm,8,109.37375399999999,109.37375399999999,109.3721935,0.0010219999999918628,0.0,7864320.0,1047382.0,1.0,ed8f912c60804058
A,layered W=65536 unit,gpu-edge,warm,8,1.77834648,18.8255475,1.2592160099999998,0.025546170000000146,9.0,70778880.0,0.0,9.0,ed8f912c60804058
A,layered W=65536 unit,gpu-frontier,warm,8,1.73278351,7.7765070000000005,1.2537919849999999,0.021734959999999415,18.0,7864320.0,1047382.0,1.0,ed8f912c60804058
A,layered W=65536 unit,gpu-nearfar,warm,8,2.25715851,9.7118445,1.754224,1.1748179800000003,140.0,7864320.0,1047382.0,1.0,ed8f912c60804058
A,"layered W=65536 u[1,100]",delta,warm,8,164.141234,164.141234,162.04774200000003,0.0005534999999952106,0.0,17369751.0,1152107.5,2.20867805480957,ba99c9c3a4c23240
A,"layered W=65536 u[1,100]",delta-omp,warm,8,19.1337025,19.1337025,17.177011999999998,0.0006515000000000271,0.0,17371923.0,1152183.0,2.208954238891602,ba99c9c3a4c23240
A,"layered W=65536 u[1,100]",dial,warm,8,94.683316,94.683316,93.64393749999999,0.00037000000001086164,0.0,7864320.0,1047382.0,1.0,ba99c9c3a4c23240
A,"layered W=65536 u[1,100]",dijkstra,warm,8,302.71295899999996,302.71295899999996,302.711183,0.0010304999999846132,0.0,7864320.0,1047382.0,1.0,ba99c9c3a4c23240
A,"layered W=65536 u[1,100]",gpu-edge,warm,8,3.8881634399999996,20.7572175,3.38132799,0.026232579999998507,20.5,161218560.0,0.0,20.5,ba99c9c3a4c23240
A,"layered W=65536 u[1,100]",gpu-frontier,warm,8,4.376098,10.4311385,3.889952065,0.02254251499999871,36.0,25523321.5,3401410.0,3.245458157857259,ba99c9c3a4c23240
A,"layered W=65536 u[1,100]",gpu-nearfar,warm,8,4.394389485,11.8603275,3.88633609,1.2092963300000017,460.0,8221127.5,1091291.5,1.0453704198201497,ba99c9c3a4c23240
A,layered W=262144 unit,delta,warm,8,90.521421,90.521421,89.161005,0.0005129999999979873,0.0,12582912.0,1043806.0,2.0,c4d6aeea90280b03
A,layered W=262144 unit,delta-omp,warm,8,10.067475,10.067475,8.6178305,0.0011510000000001241,0.0,12582912.0,1043806.0,2.0,c4d6aeea90280b03
A,layered W=262144 unit,dial,warm,8,65.2352585,65.2352585,64.4318875,0.0003585000000043692,0.0,6291456.0,1043806.0,1.0,c4d6aeea90280b03
A,layered W=262144 unit,dijkstra,warm,8,107.229652,107.229652,107.22810150000001,0.0010390000000057853,0.0,6291456.0,1043806.0,1.0,c4d6aeea90280b03
A,layered W=262144 unit,gpu-edge,warm,8,1.4785669825,16.305293499999998,0.9498239755,0.025647032999998487,9.0,56623104.0,0.0,9.0,c4d6aeea90280b03
A,layered W=262144 unit,gpu-frontier,warm,8,1.5986324650000001,6.7298615,1.1186560399999999,0.022200575000000278,12.0,6291456.0,1043806.0,1.0,c4d6aeea90280b03
A,layered W=262144 unit,gpu-nearfar,warm,8,1.987750535,8.212499000000001,1.476112005,0.9055135649999997,92.0,6291456.0,1043806.0,1.0,c4d6aeea90280b03
A,"layered W=262144 u[1,100]",delta,warm,8,139.6546665,139.6546665,138.172246,0.0005930000000233804,0.0,13918236.0,1145819.0,2.2122440338134766,44b9ebdcc523cea3
A,"layered W=262144 u[1,100]",delta-omp,warm,8,15.355763,15.355763,13.798784000000001,0.0007314999999987748,0.0,13917621.0,1145816.0,2.212146282196045,44b9ebdcc523cea3
A,"layered W=262144 u[1,100]",dial,warm,8,78.714691,78.714691,78.00957299999999,0.00044950000000199,0.0,6291456.0,1043806.0,1.0,44b9ebdcc523cea3
A,"layered W=262144 u[1,100]",dijkstra,warm,8,264.085053,264.085053,264.083067,0.001228499999996302,0.0,6291456.0,1043806.0,1.0,44b9ebdcc523cea3
A,"layered W=262144 u[1,100]",gpu-edge,warm,8,2.88850505,17.622624000000002,2.3743521000000003,0.0255540250000017,19.0,119537664.0,0.0,19.0,44b9ebdcc523cea3
A,"layered W=262144 u[1,100]",gpu-frontier,warm,8,3.9514704700000003,8.9199605,3.4481919999999997,0.02267240000000026,32.0,18683911.5,3109876.0,2.9697277545928955,44b9ebdcc523cea3
A,"layered W=262144 u[1,100]",gpu-nearfar,warm,8,3.863706425,10.0714825,3.36350405,0.9442189350000003,368.0,6558621.0,1082789.0,1.0424647331237793,44b9ebdcc523cea3
A,"layered W=64 natural u[1,100]",delta,warm,8,57.724875,57.724875,55.1563155,0.0003370000000018081,0.0,18473624.0,1152110.0,2.202362013977904,9974b2f0d03b7227
A,"layered W=64 natural u[1,100]",delta-omp,warm,8,59.3631345,59.3631345,56.941762499999996,0.0004770000000036134,0.0,18473624.0,1152110.0,2.202362013977904,9974b2f0d03b7227
A,"layered W=64 natural u[1,100]",dial,warm,8,31.312692,31.312692,29.9771905,0.00023299999999970566,0.0,8388096.0,1048576.0,1.0,9974b2f0d03b7227
A,"layered W=64 natural u[1,100]",dijkstra,warm,8,114.281812,114.281812,114.28084849999999,0.0005175000000008367,0.0,8388096.0,1048576.0,1.0,9974b2f0d03b7227
A,"layered W=64 natural u[1,100]",gpu-frontier,warm,8,664.249278,670.4986445,663.716278,0.023707435000005717,18256.0,3855913980.0,482058797.0,459.68882330388203,9974b2f0d03b7227
A,"layered W=64 natural u[1,100]",gpu-nearfar,warm,8,1009.8231185,1017.7593449999999,1009.27411,1.237245039999948,171240.0,8793330.5,1096779.0,1.048310665495483,9974b2f0d03b7227
A,"layered W=64 k=16 u[1,100]",delta,warm,8,323.89640899999995,323.89640899999995,313.387375,0.0004795000000115124,0.0,71494463.0,1116805.5,2.130831090869728,c43e27a0659a0e37
A,"layered W=64 k=16 u[1,100]",delta-omp,warm,8,287.2035805,287.2035805,276.953771,0.0006805000000156269,0.0,71494463.0,1116805.5,2.130831090869728,c43e27a0659a0e37
A,"layered W=64 k=16 u[1,100]",dial,warm,8,216.409856,216.409856,211.1474265,0.0004589999999780048,0.0,33552384.0,1048576.0,1.0,c43e27a0659a0e37
A,"layered W=64 k=16 u[1,100]",dijkstra,warm,8,428.427358,428.427358,428.4256305,0.0010430000000098971,0.0,33552384.0,1048576.0,1.0,c43e27a0659a0e37
A,"layered W=64 k=16 u[1,100]",gpu-frontier,warm,8,658.74092,680.0730020000001,658.226013,0.02576534999997193,17756.0,10814073705.5,337968415.5,322.304182781766,c43e27a0659a0e37
A,"layered W=64 k=16 u[1,100]",gpu-nearfar,warm,8,1022.9840775,1050.492745,1022.473085,5.2428427999999485,178767.0,34722884.0,1084709.0,1.0348857476118538,c43e27a0659a0e37
A,"layered W=1024 natural u[1,100]",delta,warm,8,66.107099,66.107099,63.865885,0.00037699999999318834,0.0,18449825.0,1151587.5,2.2015404724538734,a6f8917b1d08fec3
A,"layered W=1024 natural u[1,100]",delta-omp,warm,8,68.4420905,68.4420905,66.19867500000001,0.000571499999999503,0.0,18449825.0,1151587.5,2.2015404724538734,a6f8917b1d08fec3
A,"layered W=1024 natural u[1,100]",dial,warm,8,35.578239999999994,35.578239999999994,34.4325815,0.00019599999999897477,0.0,8380416.0,1048549.0,1.0,a6f8917b1d08fec3
A,"layered W=1024 natural u[1,100]",dijkstra,warm,8,151.7583525,151.7583525,151.7571845,0.0007200000000011642,0.0,8380416.0,1048549.0,1.0,a6f8917b1d08fec3
A,"layered W=1024 natural u[1,100]",gpu-frontier,warm,8,48.597344050000004,54.9959805,48.11899185,0.02227714500000033,1167.0,266378305.5,33374308.5,31.785809379868493,a6f8917b1d08fec3
A,"layered W=1024 natural u[1,100]",gpu-nearfar,warm,8,80.11120965,87.9561865,79.60643005,1.2326921549999952,12646.0,8771880.5,1095015.0,1.046711821942968,a6f8917b1d08fec3
A,"layered W=1024 k=16 u[1,100]",delta,warm,8,371.3506275,371.3506275,361.05355,0.0005854999999712618,0.0,71430992.0,1116761.0,2.1308903997128543,95130de1cdc5ec08
A,"layered W=1024 k=16 u[1,100]",delta-omp,warm,8,354.87947499999996,354.87947499999996,344.556535,0.0007585000000460695,0.0,71430992.0,1116761.0,2.1308903997128543,95130de1cdc5ec08
A,"layered W=1024 k=16 u[1,100]",dial,warm,8,223.904904,223.904904,218.778734,0.000534999999999286,0.0,33521664.0,1048576.0,1.0,95130de1cdc5ec08
A,"layered W=1024 k=16 u[1,100]",dijkstra,warm,8,487.9393575,487.9393575,487.9376595,0.0013204999999629763,0.0,33521664.0,1048576.0,1.0,95130de1cdc5ec08
A,"layered W=1024 k=16 u[1,100]",gpu-frontier,warm,8,51.39671395,73.17641549999999,50.907135,0.02342930000000365,1132.0,852854530.5,26687536.0,25.441891264705713,95130de1cdc5ec08
A,"layered W=1024 k=16 u[1,100]",gpu-nearfar,warm,8,82.72339395,109.942132,82.25502395000001,5.210832150000002,13492.0,34757597.0,1086656.0,1.0368696792617453,95130de1cdc5ec08
A,"layered W=16384 natural u[1,100]",delta,warm,8,91.01752400000001,91.01752400000001,88.64630600000001,0.000518499999998312,0.0,18165087.0,1149906.5,2.19981929234096,1a23a6686d41f2ce
A,"layered W=16384 natural u[1,100]",delta-omp,warm,8,21.917316,21.917316,19.5090395,0.0006244999999989176,0.0,18165091.0,1149870.5,2.1998197767469616,1a23a6686d41f2ce
A,"layered W=16384 natural u[1,100]",dial,warm,8,51.4100205,51.4100205,50.1784655,0.000377999999997769,0.0,8257536.0,1048285.0,1.0,1a23a6686d41f2ce
A,"layered W=16384 natural u[1,100]",dijkstra,warm,8,197.1543805,197.1543805,197.15283,0.0007975000000186583,0.0,8257536.0,1048285.0,1.0,1a23a6686d41f2ce
A,"layered W=16384 natural u[1,100]",gpu-frontier,warm,8,5.6862770099999995,11.989835,5.19470406,0.023519939999999018,90.0,30647833.5,3927328.0,3.7114986238025485,1a23a6686d41f2ce
A,"layered W=16384 natural u[1,100]",gpu-nearfar,warm,8,8.745529425,16.526815,8.24177599,1.2371914750000013,1172.0,8622119.5,1091767.5,1.0441516089060952,1a23a6686d41f2ce
A,"layered W=16384 k=16 u[1,100]",delta,warm,8,410.1303975,410.1303975,399.73909449999996,0.0005114999999875636,0.0,70338573.0,1115820.5,2.1295266832624162,51fa10646711d0ce
A,"layered W=16384 k=16 u[1,100]",delta-omp,warm,8,64.706633,64.706633,54.473850999999996,0.0005904999999906124,0.0,70343482.0,1115889.0,2.1296753050788997,51fa10646711d0ce
A,"layered W=16384 k=16 u[1,100]",dial,warm,8,233.7817,233.7817,228.70037200000002,0.0004365000000063901,0.0,33030144.0,1048576.0,1.0,51fa10646711d0ce
A,"layered W=16384 k=16 u[1,100]",dijkstra,warm,8,540.4005055,540.4005055,540.3988850000001,0.0010414999999852625,0.0,33030144.0,1048576.0,1.0,51fa10646711d0ce
A,"layered W=16384 k=16 u[1,100]",gpu-frontier,warm,8,6.83064396,28.316708,6.38764787,0.023443874999998116,88.5,120812073.5,3849759.0,3.6576308447217185,51fa10646711d0ce
A,"layered W=16384 k=16 u[1,100]",gpu-nearfar,warm,8,9.008223815000001,35.918915999999996,8.57398367,5.12852635,1207.0,34053451.5,1080240.5,1.0309810184297108,51fa10646711d0ce
B,"hub h=0 u[1,100]",bellman-ford,warm,8,249.9609505,249.9609505,249.960019,0.00035199999997814757,0.0,132369778.5,16513976.0,15.779774972426772,bdcb775028e8cf1e
B,"hub h=0 u[1,100]",delta,warm,8,174.68500999999998,174.68500999999998,172.1691615,0.0004985000000061746,0.0,18512315.0,1150960.0,2.2068493898603956,bdcb775028e8cf1e
B,"hub h=0 u[1,100]",delta-omp,warm,8,19.606901,19.606901,17.24246,0.0006320000000012982,0.0,18513089.0,1151002.5,2.206941658246481,bdcb775028e8cf1e
B,"hub h=0 u[1,100]",dijkstra,warm,8,310.8814845,310.8814845,310.88003100000003,0.0009584999999958654,0.0,8388572.0,1048218.0,1.0,bdcb775028e8cf1e
B,"hub h=0 u[1,100]",gpu-edge,warm,8,3.597744045,21.459239,3.07896006,0.026095644999999834,18.0,150994296.0,0.0,18.0,bdcb775028e8cf1e
B,"hub h=0 u[1,100]",gpu-frontier,warm,8,4.470734995000001,10.8366785,4.02049613,0.02285285000000048,29.0,29519071.0,3670553.0,3.5189625838581344,bdcb775028e8cf1e
B,"hub h=0 u[1,100]",gpu-topo,warm,8,4.818743515,10.870769,4.38881588,0.026563815000000268,21.0,143686464.0,17920361.5,17.128834800488093,bdcb775028e8cf1e
B,"hub h=0.000244 u[1,100]",bellman-ford,warm,8,255.5702465,255.5702465,255.56939699999998,0.00043449999999722877,0.0,138046654.0,17223271.0,16.456514171899578,63fdcecd9b133d11
B,"hub h=0.000244 u[1,100]",delta,warm,8,175.15506599999998,175.15506599999998,172.8129495,0.0004940000000033251,0.0,18509002.0,1150707.5,2.2064544477892065,63fdcecd9b133d11
B,"hub h=0.000244 u[1,100]",delta-omp,warm,8,19.5146645,19.5146645,17.067006,0.0006729999999990355,0.0,18507995.0,1150689.0,2.2063344035194548,63fdcecd9b133d11
B,"hub h=0.000244 u[1,100]",dijkstra,warm,8,312.249986,312.249986,312.2485645,0.000944500000031212,0.0,8388572.0,1048217.0,1.0,63fdcecd9b133d11
B,"hub h=0.000244 u[1,100]",gpu-edge,warm,8,3.7130590650000004,21.4137245,3.18371201,0.02599852499999855,18.5,155188582.0,0.0,18.5,63fdcecd9b133d11
B,"hub h=0.000244 u[1,100]",gpu-frontier,warm,8,4.61777296,10.961376999999999,4.131743905,0.022190025000001334,29.0,30147703.5,3749241.0,3.5939017391756307,63fdcecd9b133d11
B,"hub h=0.000244 u[1,100]",gpu-topo,warm,8,7.321914,13.350252000000001,6.87729597,0.02628653000000014,20.5,139814397.5,17436260.0,16.66724652300773,63fdcecd9b133d11
B,"hub h=0.000977 u[1,100]",bellman-ford,warm,8,252.0275935,252.0275935,252.02655850000002,0.00042649999994637255,0.0,138395351.0,17266504.0,16.498082271929,aa45db4f7ce55a6b
B,"hub h=0.000977 u[1,100]",delta,warm,8,173.24877750000002,173.24877750000002,170.985431,0.0005840000000034706,0.0,18509457.0,1150792.5,2.206508688248727,aa45db4f7ce55a6b
B,"hub h=0.000977 u[1,100]",delta-omp,warm,8,19.2831555,19.2831555,16.9702895,0.0006560000000011001,0.0,18511053.0,1150863.0,2.2066989470913523,aa45db4f7ce55a6b
B,"hub h=0.000977 u[1,100]",dijkstra,warm,8,312.76221799999996,312.76221799999996,312.760632,0.0011244999999746597,0.0,8388572.0,1048216.0,1.0,aa45db4f7ce55a6b
B,"hub h=0.000977 u[1,100]",gpu-edge,warm,8,3.714283015,21.574315499999997,3.196928025,0.0258434350000023,18.0,150994296.0,0.0,18.0,aa45db4f7ce55a6b
B,"hub h=0.000977 u[1,100]",gpu-frontier,warm,8,5.06514047,11.462014,4.577152014999999,0.021610554999998755,28.5,31906775.5,3967185.5,3.8036003624931634,aa45db4f7ce55a6b
B,"hub h=0.000977 u[1,100]",gpu-topo,warm,8,17.256591999999998,23.3997875,16.750576000000002,0.02681976999999769,21.0,145164168.5,18104316.5,17.30499166008231,aa45db4f7ce55a6b
B,"hub h=0.00391 u[1,100]",bellman-ford,warm,8,245.25917299999998,245.25917299999998,245.25836600000002,0.00039950000000033015,0.0,120271731.0,14999838.5,14.337569135724173,39a527e635335c98
B,"hub h=0.00391 u[1,100]",delta,warm,8,175.372924,175.372924,172.86183649999998,0.0005110000000030368,0.0,18503912.0,1150681.5,2.205847669901385,39a527e635335c98
B,"hub h=0.00391 u[1,100]",delta-omp,warm,8,19.4829885,19.4829885,17.131297500000002,0.0006834999999991709,0.0,18503726.0,1150705.5,2.205825496878372,39a527e635335c98
B,"hub h=0.00391 u[1,100]",dijkstra,warm,8,313.227706,313.227706,313.2261275,0.0007359999999891897,0.0,8388572.0,1048212.0,1.0,39a527e635335c98
B,"hub h=0.00391 u[1,100]",gpu-edge,warm,8,3.42229197,21.2460575,2.897791985,0.02632557999999996,16.0,134217152.0,0.0,16.0,39a527e635335c98
B,"hub h=0.00391 u[1,100]",gpu-frontier,warm,8,5.3888137700000005,11.7733825,4.92091179,0.022282674999999585,25.5,30926662.5,3843875.0,3.6867612866647623,39a527e635335c98
B,"hub h=0.00391 u[1,100]",gpu-topo,warm,8,50.125788549999996,56.2779935,49.64902305,0.027411499999995925,19.0,132957103.0,16576424.0,15.849789809278622,39a527e635335c98
B,"hub h=0.0156 u[1,100]",bellman-ford,warm,8,181.5508445,181.5508445,181.5498075,0.0004195000000208893,0.0,96036356.0,11965359.5,11.448474901330048,fc315e1936c5537b
B,"hub h=0.0156 u[1,100]",delta,warm,8,172.16627599999998,172.16627599999998,169.562401,0.0006245000000006939,0.0,18506911.0,1151223.5,2.206205180095015,fc315e1936c5537b
B,"hub h=0.0156 u[1,100]",delta-omp,warm,8,18.862144999999998,18.862144999999998,16.4393575,0.0007124999999987836,0.0,18506935.0,1151158.0,2.2062080411302425,fc315e1936c5537b
B,"hub h=0.0156 u[1,100]",dijkstra,warm,8,312.23787649999997,312.23787649999997,312.236428,0.0012685000000374203,0.0,8388572.0,1048194.0,1.0,fc315e1936c5537b
B,"hub h=0.0156 u[1,100]",gpu-edge,warm,8,3.0550110249999998,20.9917065,2.537184,0.025505759999997935,13.5,113245722.0,0.0,13.5,fc315e1936c5537b
B,"hub h=0.0156 u[1,100]",gpu-frontier,warm,8,6.41721793,12.8151815,5.96065593,0.021573995000002455,22.0,25832467.5,3225066.5,3.0794833137272946,fc315e1936c5537b
B,"hub h=0.0156 u[1,100]",gpu-topo,warm,8,157.56408199999998,163.71309000000002,157.0462265,0.02776485500000092,16.0,113029522.5,14077371.0,13.474226900597623,fc315e1936c5537b
B,"hub h=0.0625 u[1,100]",bellman-ford,warm,8,158.49663850000002,158.49663850000002,158.4956355,0.00041400000000635373,0.0,93041667.0,11570728.5,11.091483910007048,ba34863555dc2dd3
B,"hub h=0.0625 u[1,100]",delta,warm,8,163.99901849999998,163.99901849999998,161.549531,0.0006020000000006576,0.0,18472911.0,1151164.5,2.2021530969290586,ba34863555dc2dd3
B,"hub h=0.0625 u[1,100]",delta-omp,warm,8,18.983762,18.983762,16.3682095,0.0007024999999991621,0.0,18473201.0,1151251.0,2.202187667787875,ba34863555dc2dd3
B,"hub h=0.0625 u[1,100]",dijkstra,warm,8,309.4149625,309.4149625,309.413157,0.001082999999994172,0.0,8388568.0,1048113.0,1.0,ba34863555dc2dd3
B,"hub h=0.0625 u[1,100]",gpu-edge,warm,8,3.7359089249999995,21.560467000000003,3.2133920199999997,0.025778479999997828,12.0,100662840.0,0.0,12.000002861036592,ba34863555dc2dd3
B,"hub h=0.0625 u[1,100]",gpu-frontier,warm,8,14.74867695,21.073808,14.276608,0.021972169999999736,19.5,27057796.0,3404522.5,3.225556018619626,ba34863555dc2dd3
B,"hub h=0.0625 u[1,100]",gpu-topo,warm,8,465.274358,471.2708485,464.736542,0.03093368000000396,14.0,98716202.0,12262646.0,11.76794442150317,ba34863555dc2dd3
B,"hub h=0.25 u[1,100]",bellman-ford,warm,8,108.767243,108.767243,108.7661525,0.0004530000000144696,0.0,69794107.5,8622392.0,8.320127790309357,6b2d3f28c07a0b71
B,"hub h=0.25 u[1,100]",delta,warm,8,128.34997199999998,128.34997199999998,125.78034299999999,0.0005664999999908105,0.0,18300175.0,1149804.5,2.1815565817647933,6b2d3f28c07a0b71
B,"hub h=0.25 u[1,100]",delta-omp,warm,8,22.262828,22.262828,19.789964,0.0007150000000013534,0.0,18305590.0,1150584.0,2.1822021017606543,6b2d3f28c07a0b71
B,"hub h=0.25 u[1,100]",dijkstra,warm,8,290.459661,290.459661,290.457073,0.0010994999999809352,0.0,8388586.0,1048576.0,1.0,6b2d3f28c07a0b71
B,"hub h=0.25 u[1,100]",gpu-edge,warm,8,5.96033793,23.703467500000002,5.439919945,0.025476524999998418,9.0,75497274.0,0.0,9.0,6b2d3f28c07a0b71
B,"hub h=0.25 u[1,100]",gpu-frontier,warm,8,57.854287649999996,64.5339295,57.385681149999996,0.022498095000003104,15.0,26216160.0,3336501.0,3.1252180045600055,6b2d3f28c07a0b71
B,"hub h=0.25 u[1,100]",gpu-topo,warm,8,1532.650392,1538.7139750000001,1532.12488,0.04031387499992434,11.0,84934488.0,10485767.0,10.12500652672572,6b2d3f28c07a0b71
B,"rmat n=1048576 u[1,100]",bellman-ford,warm,8,96.5390765,96.5390765,96.538392,0.0004400000000046589,0.0,64331346.5,3389669.5,7.870633437538844,7b02059ef226d677
B,"rmat n=1048576 u[1,100]",delta,warm,8,100.5992075,100.5992075,98.2415465,0.0005479999999948859,0.0,27387290.0,522531.5,3.350704317024877,7b02059ef226d677
B,"rmat n=1048576 u[1,100]",delta-omp,warm,8,13.759827000000001,13.759827000000001,11.477397,0.0006955000000008482,0.0,27389199.0,522356.0,3.350937874070543,7b02059ef226d677
B,"rmat n=1048576 u[1,100]",dijkstra,warm,8,121.5952585,121.5952585,121.5932615,0.0011940000000052464,0.0,8173592.0,444981.0,1.0,7b02059ef226d677
B,"rmat n=1048576 u[1,100]",gpu-edge,warm,8,2.0210295,18.3625595,1.507376015,0.025515879999998603,9.0,73579176.0,0.0,9.002061272449126,7b02059ef226d677
B,"rmat n=1048576 u[1,100]",gpu-frontier,warm,8,3.8915160749999997,10.281195499999999,3.4192160400000002,0.02236362000000014,13.0,27670512.0,1435857.5,3.3853551779927358,7b02059ef226d677
B,"rmat n=1048576 u[1,100]",gpu-topo,warm,8,36.66591335,42.681993500000004,36.22337535,0.027855400000003527,11.0,74778545.5,3892059.0,9.14879841078439,7b02059ef226d677
B,"rmat n=1048576 natural u[1,100]",bellman-ford,warm,8,85.24500499999999,85.24500499999999,85.2440945,0.000453999999997734,0.0,66870067.5,3600316.5,8.181233844312269,78e373c9b6a58208
B,"rmat n=1048576 natural u[1,100]",delta,warm,8,93.9024825,93.9024825,91.5732565,0.0005425000000016666,0.0,29170672.0,528667.0,3.568892599483801,78e373c9b6a58208
B,"rmat n=1048576 natural u[1,100]",delta-omp,warm,8,12.2233585,12.2233585,9.949041,0.0006605000000003969,0.0,29193100.0,528436.0,3.571636558320993,78e373c9b6a58208
B,"rmat n=1048576 natural u[1,100]",dijkstra,warm,8,110.969802,110.969802,110.968176,0.0009405000000057839,0.0,8173592.0,444981.0,1.0,78e373c9b6a58208
B,"rmat n=1048576 natural u[1,100]",gpu-edge,warm,8,2.476249995,17.710048,1.96001601,0.025734535000001557,10.0,81754640.0,0.0,10.002290302721251,78e373c9b6a58208
B,"rmat n=1048576 natural u[1,100]",gpu-frontier,warm,8,3.691427545,10.0336105,3.206607935,0.022319999999998785,14.0,26625130.0,1370178.0,3.2574576758908442,78e373c9b6a58208
B,"rmat n=1048576 natural u[1,100]",gpu-topo,warm,8,47.712869,53.693165,47.24472045,0.027323955000003508,13.0,81950612.5,4234869.0,10.026266603471278,78e373c9b6a58208
C,uniform n=1048576 unit,delta,warm,8,115.52338549999999,115.52338549999999,113.397344,0.0005695000000116579,0.0,16777144.0,1048218.0,2.0,9d4b81391b44fb23
C,uniform n=1048576 unit,delta-omp,warm,8,13.2469195,13.2469195,10.930347,0.001268000000000491,0.0,16777144.0,1048218.0,2.0,9d4b81391b44fb23
C,uniform n=1048576 unit,dial,warm,8,87.8430685,87.8430685,86.783516,0.0004394999999917104,0.0,8388572.0,1048218.0,1.0,9d4b81391b44fb23
C,uniform n=1048576 unit,dijkstra,warm,8,112.3044985,112.3044985,112.3029725,0.0009190000000174336,0.0,8388572.0,1048218.0,1.0,9d4b81391b44fb23
C,uniform n=1048576 unit,gpu-frontier,warm,8,1.5814244450000001,8.054121,1.130720015,0.022915529999999684,11.0,8388572.0,1048218.0,1.0,9d4b81391b44fb23
C,uniform n=1048576 unit,gpu-nearfar,warm,8,1.9748035050000001,9.881298,1.47233599,1.2487894149999992,84.0,8388572.0,1048218.0,1.0,9d4b81391b44fb23
C,uniform n=1048576 logD1,delta,warm,8,165.39477799999997,165.39477799999997,163.0044325,0.0004705000000058135,0.0,16777144.0,1048218.0,2.0,6a4704a6a3e8bbf9
C,uniform n=1048576 logD1,delta-omp,warm,8,17.074281499999998,17.074281499999998,14.7868015,0.0006755000000016054,0.0,16777144.0,1048218.0,2.0,6a4704a6a3e8bbf9
C,uniform n=1048576 logD1,dial,warm,8,96.832007,96.832007,95.61691400000001,0.00042799999999942884,0.0,8388572.0,1048218.0,1.0,6a4704a6a3e8bbf9
C,uniform n=1048576 logD1,dijkstra,warm,8,194.3546815,194.3546815,194.3371805,0.0008224999999981719,0.0,8388572.0,1048218.0,1.0,6a4704a6a3e8bbf9
C,uniform n=1048576 logD1,gpu-frontier,warm,8,3.0982624850000002,9.5742,2.67320001,0.022813465000000477,18.0,19881223.0,2473034.0,2.3700366403244795,6a4704a6a3e8bbf9
C,uniform n=1048576 logD1,gpu-nearfar,warm,8,2.8975064350000004,10.8201425,2.40121603,1.2950264249999996,250.0,8388572.0,1048218.0,1.0,6a4704a6a3e8bbf9
C,uniform n=1048576 logD2,delta,warm,8,278.043175,278.043175,275.50945,0.0006015000000161308,0.0,24644309.0,1509131.5,2.9378431752150425,008058d065bdeaa0
C,uniform n=1048576 logD2,delta-omp,warm,8,24.756329,24.756329,22.36463,0.0006129999999995306,0.0,24676185.0,1511129.0,2.9416431068363007,008058d065bdeaa0
C,uniform n=1048576 logD2,dial,warm,8,114.492913,114.492913,113.47982999999999,0.0003990000000015925,0.0,8388572.0,1048218.0,1.0,008058d065bdeaa0
C,uniform n=1048576 logD2,dijkstra,warm,8,255.976396,255.976396,255.975007,0.0008284999999830234,0.0,8388572.0,1048218.0,1.0,008058d065bdeaa0
C,uniform n=1048576 logD2,gpu-frontier,warm,8,4.773896075,11.1378445,4.292207960000001,0.023144159999999303,24.0,31869284.0,3967934.0,3.7991310082335827,008058d065bdeaa0
C,uniform n=1048576 logD2,gpu-nearfar,warm,8,3.37260953,11.247191,2.8577919,1.2885824600000007,205.0,11950917.0,1490618.5,1.4246664390554198,008058d065bdeaa0
C,uniform n=1048576 logD4,delta,warm,8,1108.425465,1108.425465,1105.65795,0.5792740000001686,0.0,118018191.0,7160362.0,14.068925080454694,ba2c518820656ced
C,uniform n=1048576 logD4,delta-omp,warm,8,100.236683,100.236683,97.0766105,0.5917404999999931,0.0,118035329.0,7161853.5,14.070968098026697,ba2c518820656ced
C,uniform n=1048576 logD4,dial,warm,8,111.43177800000001,111.43177800000001,110.3319525,0.0004195000000066784,0.0,8388572.0,1048218.0,1.0,ba2c518820656ced
C,uniform n=1048576 logD4,dijkstra,warm,8,342.37978699999996,342.37978699999996,342.378001,0.001056000000005497,0.0,8388572.0,1048218.0,1.0,ba2c518820656ced
C,uniform n=1048576 logD4,gpu-frontier,warm,8,7.180503055000001,13.7670855,6.686143875000001,0.023220949999999796,36.5,49009725.5,6098622.0,5.842439630964603,ba2c518820656ced
C,uniform n=1048576 logD4,gpu-nearfar,warm,8,8.163203935,16.1888435,7.640287880000001,1.325942350000001,233.0,46891364.5,5849774.0,5.5899102374039344,ba2c518820656ced
C,uniform n=1048576 logD6,delta,warm,8,1454.1807199999998,1454.1807199999998,1450.851175,0.8298029999998562,0.0,165263321.0,10016134.5,19.701007632765148,ad7ddfb8db46b5ad
C,uniform n=1048576 logD6,delta-omp,warm,8,132.012748,132.012748,128.96876,0.8053055000000029,0.0,165664796.0,10040098.0,19.748867387679333,ad7ddfb8db46b5ad
C,uniform n=1048576 logD6,dial,warm,8,153.0554645,153.0554645,150.66930000000002,0.0004959999999982756,0.0,8388572.0,1048218.0,1.0,ad7ddfb8db46b5ad
C,uniform n=1048576 logD6,dijkstra,warm,8,375.418476,375.418476,375.416119,0.001006499999988364,0.0,8388572.0,1048218.0,1.0,ad7ddfb8db46b5ad
C,uniform n=1048576 logD6,gpu-frontier,warm,8,9.209086205,15.7792395,8.749104025000001,0.02235203499999816,47.0,63517070.0,7902671.5,7.5718572839334275,ad7ddfb8db46b5ad
C,uniform n=1048576 logD6,gpu-nearfar,warm,8,10.8057134,18.8539835,10.31099225,1.207700495000001,264.0,66147081.0,8252745.5,7.885380372249294,ad7ddfb8db46b5ad
C,"uniform n=1048576 u[1,100]",delta,warm,8,175.22097150000002,175.22097150000002,172.7720065,0.00046699999998622843,0.0,18512315.0,1150960.0,2.2068493898603956,bdcb775028e8cf1e
C,"uniform n=1048576 u[1,100]",delta-omp,warm,8,19.409636499999998,19.409636499999998,16.9961765,0.0006529999999980163,0.0,18512397.0,1150990.0,2.2068591650640896,bdcb775028e8cf1e
C,"uniform n=1048576 u[1,100]",dial,warm,8,101.9976605,101.9976605,100.9478225,0.00034999999999740794,0.0,8388572.0,1048218.0,1.0,bdcb775028e8cf1e
C,"uniform n=1048576 u[1,100]",dijkstra,warm,8,311.6724835,311.6724835,311.67107699999997,0.0009244999999964421,0.0,8388572.0,1048218.0,1.0,bdcb775028e8cf1e
C,"uniform n=1048576 u[1,100]",gpu-frontier,warm,8,4.464290905,10.873024000000001,4.027424095000001,0.022591605000001458,29.0,29541492.5,3673038.5,3.521635446414479,bdcb775028e8cf1e
C,"uniform n=1048576 u[1,100]",gpu-nearfar,warm,8,3.95329158,11.8620635,3.43233597,1.3052869150000008,385.0,8763986.5,1090570.0,1.044753087891479,bdcb775028e8cf1e
C,"uniform n=1048576 u[1,100000]",delta,warm,8,178.676219,178.676219,176.2947385,0.0005095000000068239,0.0,18821729.0,1169076.5,2.243734571271487,aee1893a6a70ee9f
C,"uniform n=1048576 u[1,100000]",delta-omp,warm,8,19.794662,19.794662,17.337930999999998,0.000738999999999379,0.0,18820164.0,1168986.0,2.243548007932697,aee1893a6a70ee9f
C,"uniform n=1048576 u[1,100000]",dial,warm,8,146.982327,146.982327,145.79560049999998,0.0004590000000064265,0.0,8388572.0,1048218.0,1.0,aee1893a6a70ee9f
C,"uniform n=1048576 u[1,100000]",dijkstra,warm,8,341.649215,341.649215,341.64751750000005,0.000914000000022952,0.0,8388572.0,1048218.0,1.0,aee1893a6a70ee9f
C,"uniform n=1048576 u[1,100000]",gpu-frontier,warm,8,4.6592890350000005,11.086171,4.21171212,0.024067619999998513,30.5,30851939.0,3835919.5,3.6778535130889978,aee1893a6a70ee9f
C,"uniform n=1048576 u[1,100000]",gpu-nearfar,warm,8,4.025686495,11.871404,3.51257598,1.2874539599999997,387.0,8928580.5,1109310.0,1.064374305900933,aee1893a6a70ee9f
C,grid 1024x1024 unit,delta,warm,8,46.6773095,46.6773095,45.772432,0.00044749999999638135,0.0,8380416.0,1048576.0,2.0,4a1e005b444fe23d
C,grid 1024x1024 unit,delta-omp,warm,8,50.1850415,50.1850415,49.2842795,0.0012674999999973124,0.0,8380416.0,1048576.0,2.0,4a1e005b444fe23d
C,grid 1024x1024 unit,dial,warm,8,39.7583015,39.7583015,39.236438,0.00041450000000153864,0.0,4190208.0,1048576.0,1.0,4a1e005b444fe23d
C,grid 1024x1024 unit,dijkstra,warm,8,107.5707285,107.5707285,107.568912,0.0009719999999902029,0.0,4190208.0,1048576.0,1.0,4a1e005b444fe23d
C,grid 1024x1024 unit,gpu-frontier,warm,8,24.8504929,28.602427499999997,24.4221449,0.022504119999998906,1697.5,4190208.0,1048576.0,1.0,4a1e005b444fe23d
C,grid 1024x1024 unit,gpu-nearfar,warm,8,72.00816700000001,76.50264949999999,71.510479,0.566440005000004,13576.0,4190208.0,1048576.0,1.0,4a1e005b444fe23d
C,grid 1024x1024 logD1,delta,warm,8,83.0726385,83.0726385,82.177107,0.00037100000000123146,0.0,8691622.0,1087510.0,2.074269821450391,beacf1c34ea54a59
C,grid 1024x1024 logD1,delta-omp,warm,8,85.50318949999999,85.50318949999999,84.5852275,0.0005680000000012342,0.0,8691622.0,1087510.0,2.074269821450391,beacf1c34ea54a59
C,grid 1024x1024 logD1,dial,warm,8,45.267204,45.267204,44.773431,0.00032900000000068985,0.0,4190208.0,1048576.0,1.0,beacf1c34ea54a59
C,grid 1024x1024 logD1,dijkstra,warm,8,150.075087,150.075087,150.07367549999998,0.0008230000000111204,0.0,4190208.0,1048576.0,1.0,beacf1c34ea54a59
C,grid 1024x1024 logD1,gpu-frontier,warm,8,50.49692125,54.277412999999996,49.99980735,0.023042330000002664,1723.5,111750802.5,27970348.0,26.669511990812865,beacf1c34ea54a59
C,grid 1024x1024 logD1,gpu-nearfar,warm,8,109.0238515,113.506115,108.52227049999999,0.5638544699999883,17965.0,4203954.5,1052015.5,1.0032806247327102,beacf1c34ea54a59
C,grid 1024x1024 logD2,delta,warm,8,94.22833700000001,94.22833700000001,93.313524,0.0004905000000050563,0.0,10562442.0,1321537.5,2.520744077620968,e17b1b3c746dc0bc
C,grid 1024x1024 logD2,delta-omp,warm,8,77.877757,77.877757,76.8949415,0.0006814999999917859,0.0,10563316.0,1321646.5,2.520952659152004,e17b1b3c746dc0bc
C,grid 1024x1024 logD2,dial,warm,8,48.969235499999996,48.969235499999996,48.400457,0.0004635000000021705,0.0,4190208.0,1048576.0,1.0,e17b1b3c746dc0bc
C,grid 1024x1024 logD2,dijkstra,warm,8,185.2757205,185.2757205,185.273952,0.0011580000000037671,0.0,4190208.0,1048576.0,1.0,e17b1b3c746dc0bc
C,grid 1024x1024 logD2,gpu-frontier,warm,8,114.06880000000001,117.8252495,113.620159,0.024492029999997555,1892.5,342754175.5,85788722.5,81.79884518859207,e17b1b3c746dc0bc
C,grid 1024x1024 logD2,gpu-nearfar,warm,8,93.9524301,98.468586,93.4679871,0.5773475149999996,13443.0,7802868.5,1952504.0,1.8621673434827102,e17b1b3c746dc0bc
C,grid 1024x1024 logD4,delta,warm,8,413.24787449999997,413.24787449999997,412.341095,0.0006474999999852571,0.0,68485070.0,8567562.5,16.34407408892351,5699802de7c581c3
C,grid 1024x1024 logD4,delta-omp,warm,8,136.342332,136.342332,135.3782965,0.0012310000000184118,0.0,66858377.0,8364158.0,15.955861141022115,5699802de7c581c3
C,grid 1024x1024 logD4,dial,warm,8,57.6422065,57.6422065,57.061984499999994,0.0004084999999989236,0.0,4190208.0,1048576.0,1.0,5699802de7c581c3
C,grid 1024x1024 logD4,dijkstra,warm,8,227.54992099999998,227.54992099999998,227.54816,0.0010225000000048112,0.0,4190208.0,1048576.0,1.0,5699802de7c581c3
C,grid 1024x1024 logD4,gpu-frontier,warm,8,220.26373,224.04790000000003,219.80697650000002,0.026527020000003176,2225.0,737444650.5,184576372.5,175.99237329029967,5699802de7c581c3
C,grid 1024x1024 logD4,gpu-nearfar,warm,8,124.060978,128.551048,123.55328,0.5694563500000029,11904.0,188990616.0,47290148.5,45.1029199505132,5699802de7c581c3
C,grid 1024x1024 logD6,delta,warm,8,11452.653849999999,11452.653849999999,11435.969099999998,15.584255499999927,0.0,1579728515.0,197650469.5,377.0047966592589,05e14227a93f4857
C,grid 1024x1024 logD6,delta-omp,warm,8,1446.10127,1446.10127,1427.4108999999999,17.033694500000024,0.0,1595006388.0,199561190.0,380.6508860657991,05e14227a93f4857
C,grid 1024x1024 logD6,dial,warm,8,140.746575,140.746575,138.8093935,0.0005219999999894753,0.0,4190208.0,1048576.0,1.0,05e14227a93f4857
C,grid 1024x1024 logD6,dijkstra,warm,8,244.482945,244.482945,244.4812655,0.0011305000000021437,0.0,4190208.0,1048576.0,1.0,05e14227a93f4857
C,grid 1024x1024 logD6,gpu-frontier,warm,8,292.608792,296.519225,292.05253600000003,0.024871969999992416,2530.0,1023546546.5,256181019.5,244.27105921710807,05e14227a93f4857
C,grid 1024x1024 logD6,gpu-nearfar,warm,8,504.788977,509.3279935,504.25016800000003,0.6237725300000534,13160.0,1689537283.0,422819659.0,403.21083893687376,05e14227a93f4857
C,"grid 1024x1024 u[1,100]",delta,warm,8,78.354104,78.354104,77.406998,0.0004599999999967963,0.0,9131823.0,1142588.5,2.1793245108596038,c66701076edbaf96
C,"grid 1024x1024 u[1,100]",delta-omp,warm,8,81.13647499999999,81.13647499999999,80.2435585,0.0006520000000094228,0.0,9131823.0,1142588.5,2.1793245108596038,c66701076edbaf96
C,"grid 1024x1024 u[1,100]",dial,warm,8,47.4086105,47.4086105,46.831167,0.0003755000000005282,0.0,4190208.0,1048576.0,1.0,c66701076edbaf96
C,"grid 1024x1024 u[1,100]",dijkstra,warm,8,152.03585149999998,152.03585149999998,152.033963,0.0011154999999831716,0.0,4190208.0,1048576.0,1.0,c66701076edbaf96
C,"grid 1024x1024 u[1,100]",gpu-frontier,warm,8,70.74801944999999,74.47524200000001,70.283905,0.024464775000005545,1756.5,185768770.0,46495769.5,44.334021127352145,c66701076edbaf96
C,"grid 1024x1024 u[1,100]",gpu-nearfar,warm,8,138.2333375,142.69892900000002,137.7252805,0.5673785999999978,22495.0,4297089.5,1075313.5,1.0255074449764785,c66701076edbaf96
C,"grid 1024x1024 u[1,100000]",delta,warm,8,79.84085,79.84085,78.834911,0.00043550000000180944,0.0,9179933.0,1148606.0,2.1908060411320873,161188ec91b21487
C,"grid 1024x1024 u[1,100000]",delta-omp,warm,8,83.12579099999999,83.12579099999999,82.2175905,0.0010380000000012046,0.0,9179933.0,1148606.0,2.1908060411320873,161188ec91b21487
C,"grid 1024x1024 u[1,100000]",dial,warm,8,178.667969,178.667969,177.99350049999998,0.0005474999999677266,0.0,4190208.0,1048576.0,1.0,161188ec91b21487
C,"grid 1024x1024 u[1,100000]",dijkstra,warm,8,137.87400100000002,137.87400100000002,137.87248799999998,0.0008649999999903457,0.0,4190208.0,1048576.0,1.0,161188ec91b21487
C,"grid 1024x1024 u[1,100000]",gpu-frontier,warm,8,72.79421224999999,76.5366045,72.33392335,0.023923994999996978,1763.5,192633322.0,48214182.0,45.97225770176564,161188ec91b21487
C,"grid 1024x1024 u[1,100000]",gpu-nearfar,warm,8,141.755025,146.27603,141.23846450000002,0.5753204650000043,22502.0,4313597.5,1079444.5,1.0294471062057062,161188ec91b21487
C0,"uniform n=4194304 u[1,100]",delta-omp,warm,4,114.273897,114.273897,103.8037465,0.0006904999999761685,0.0,74028659.0,4602735.0,2.206229380486244,546ebf08dc181db3
C0,"uniform n=4194304 u[1,100]",dial,warm,4,657.7458555000001,657.7458555000001,652.425916,0.0004829999999174106,0.0,33554380.0,4192884.0,1.0,546ebf08dc181db3
E,"uniform n=65536 u[1,100]",delta-omp,warm,6,1.9802735,1.9802735,1.9215215,0.0004399999999997739,0.0,1157045.0,71948.5,2.207031324510638,0d8ab359e881d7ee
E,"uniform n=65536 u[1,100]",dial,warm,6,2.5788684999999996,2.5788684999999996,2.528571,0.00017549999999988408,0.0,524254.0,65518.0,1.0,0d8ab359e881d7ee
E,"uniform n=65536 u[1,100]",dijkstra,warm,6,11.191518,11.191518,11.190932499999999,0.0003270000000012985,0.0,524254.0,65518.0,1.0,0d8ab359e881d7ee
E,"uniform n=65536 u[1,100]",gpu-frontier,warm,6,0.5104714990000001,1.0711485,0.469999999,0.01834098900000003,24.0,1709745.5,212913.5,3.261292236206114,0d8ab359e881d7ee
E,"uniform n=65536 u[1,100]",gpu-nearfar,warm,6,1.8448285100000001,2.4248825,1.80334401,0.04905547099999996,296.0,547090.0,68101.0,1.0435590381761513,0d8ab359e881d7ee
E,"grid 256x256 u[1,100]",delta-omp,warm,6,3.0706175,3.0706175,3.029976,0.0003744999999997223,0.0,568847.0,71384.5,2.178488817401961,4e6c7bacaac99a89
E,"grid 256x256 u[1,100]",dial,warm,6,1.6254305,1.6254305,1.60849,0.00016649999999995835,0.0,261120.0,65536.0,1.0,4e6c7bacaac99a89
E,"grid 256x256 u[1,100]",dijkstra,warm,6,5.641781,5.641781,5.641368,0.00021249999999994884,0.0,261120.0,65536.0,1.0,4e6c7bacaac99a89
E,"grid 256x256 u[1,100]",gpu-frontier,warm,6,6.079532875,6.4682685,6.039023875,0.01894748799999979,419.0,2947802.5,740127.0,11.289072074142158,4e6c7bacaac99a89
E,"grid 256x256 u[1,100]",gpu-nearfar,warm,6,29.185452599999998,29.5717155,29.145215999999998,0.031049197999999834,4838.0,267996.5,67259.5,1.0263346354166667,4e6c7bacaac99a89
E,"uniform n=131072 u[1,100]",delta-omp,warm,6,2.6008864999999997,2.6008864999999997,2.4798815000000003,0.00037250000000010886,0.0,2314026.0,143890.0,2.206898722225719,050e2ea2a47932b2
E,"uniform n=131072 u[1,100]",dial,warm,6,5.799741,5.799741,5.70632,0.00016949999999926746,0.0,1048542.0,131030.0,1.0,050e2ea2a47932b2
E,"uniform n=131072 u[1,100]",dijkstra,warm,6,23.746755,23.746755,23.746206,0.00028600000000089665,0.0,1048542.0,131030.0,1.0,050e2ea2a47932b2
E,"uniform n=131072 u[1,100]",gpu-frontier,warm,6,0.7478164970000001,1.724942,0.6639199855,0.018568502999999792,25.0,3491246.5,434269.5,3.3296200819805026,050e2ea2a47932b2
E,"uniform n=131072 u[1,100]",gpu-nearfar,warm,6,2.0306385000000002,3.105156,1.947824,0.1027180299999999,314.0,1094822.5,136260.0,1.0441379553704095,050e2ea2a47932b2
E,"grid 512x256 u[1,100]",delta-omp,warm,6,6.564997,6.564997,6.4868855,0.00033050000000001134,0.0,1138444.0,142721.0,2.177789850636631,42fe12c898ff6bc9
E,"grid 512x256 u[1,100]",dial,warm,6,3.5748610000000003,3.5748610000000003,3.5209685,0.00011799999999984045,0.0,522752.0,131072.0,1.0,42fe12c898ff6bc9
E,"grid 512x256 u[1,100]",dijkstra,warm,6,12.245994,12.245994,12.2454405,0.0002524999999993227,0.0,522752.0,131072.0,1.0,42fe12c898ff6bc9
E,"grid 512x256 u[1,100]",gpu-frontier,warm,6,11.13690265,11.852812,11.05456015,0.020363448000001227,708.0,10748314.5,2696496.0,20.56102033086435,42fe12c898ff6bc9
E,"grid 512x256 u[1,100]",gpu-nearfar,warm,6,50.799907899999994,51.557946,50.7263374,0.05674984199999855,8360.0,536352.0,134480.5,1.0260161606268365,42fe12c898ff6bc9
E,"uniform n=262144 u[1,100]",delta-omp,flushed,6,5.022040499999999,5.022040499999999,4.483325,0.0007299999999998974,0.0,4626507.0,287653.0,2.2061367368776432,b4ec2217bce11c78
E,"uniform n=262144 u[1,100]",delta-omp,warm,6,4.2793155,4.2793155,3.9462325,0.0005014999999999326,0.0,4626616.0,287666.5,2.2061887132183937,b4ec2217bce11c78
E,"uniform n=262144 u[1,100]",dial,flushed,6,14.634591499999999,14.634591499999999,14.3010205,0.0004945000000002864,0.0,2097108.0,262066.0,1.0,b4ec2217bce11c78
E,"uniform n=262144 u[1,100]",dial,warm,6,13.2729835,13.2729835,13.104391,0.00016600000000099868,0.0,2097108.0,262066.0,1.0,b4ec2217bce11c78
E,"uniform n=262144 u[1,100]",dijkstra,flushed,6,52.955424,52.955424,52.953973000000005,0.0008495000000010577,0.0,2097108.0,262066.0,1.0,b4ec2217bce11c78
E,"uniform n=262144 u[1,100]",dijkstra,warm,6,51.535066,51.535066,51.5341345,0.0005084999999986906,0.0,2097108.0,262066.0,1.0,b4ec2217bce11c78
E,"uniform n=262144 u[1,100]",gpu-frontier,flushed,6,1.1665689929999998,3.102649,0.9923360050000001,0.0205569914999999,26.0,6916988.5,860693.0,3.298346341723936,b4ec2217bce11c78
E,"uniform n=262144 u[1,100]",gpu-frontier,warm,6,1.157748004,2.9819630000000004,0.9972960055,0.021032495000000262,26.0,6922179.5,861186.0,3.300821655346315,b4ec2217bce11c78
E,"uniform n=262144 u[1,100]",gpu-nearfar,flushed,6,2.360175935,4.6419445,2.1947839250000003,0.29980756500000005,333.0,2191011.5,272664.5,1.044777617557131,b4ec2217bce11c78
E,"uniform n=262144 u[1,100]",gpu-nearfar,warm,6,2.38746402,4.5370805,2.22913599,0.25316050999999984,334.0,2190864.5,272629.5,1.0447075210241914,b4ec2217bce11c78
E,"grid 512x512 u[1,100]",delta-omp,warm,6,13.874881,13.874881,13.7271255,0.0003519999999985757,0.0,2280593.0,285625.0,2.17919921875,2ac1f074dd041464
E,"grid 512x512 u[1,100]",dial,warm,6,7.543761999999999,7.543761999999999,7.4634705,0.0002049999999993446,0.0,1046528.0,262144.0,1.0,2ac1f074dd041464
E,"grid 512x512 u[1,100]",dijkstra,warm,6,27.3079675,27.3079675,27.30728,0.0003869999999999152,0.0,1046528.0,262144.0,1.0,2ac1f074dd041464
E,"grid 512x512 u[1,100]",gpu-frontier,warm,6,13.10459585,14.285381000000001,12.95348835,0.02200155849999952,774.5,18346516.0,4597901.5,17.53084102862035,2ac1f074dd041464
E,"grid 512x512 u[1,100]",gpu-nearfar,warm,6,58.614805450000006,59.928577000000004,58.46681595,0.12003819999999621,9547.0,1073358.5,268862.0,1.02563763224682,2ac1f074dd041464
E,"uniform n=524288 u[1,100]",delta-omp,warm,6,8.430651000000001,8.430651000000001,7.6247655000000005,0.0006424999999996572,0.0,9252625.0,575235.0,2.2060113802661627,ce56415c0a35d9b5
E,"uniform n=524288 u[1,100]",dial,warm,6,34.9834065,34.9834065,34.5458175,0.0004239999999988697,0.0,4194278.0,524097.0,1.0,ce56415c0a35d9b5
E,"uniform n=524288 u[1,100]",dijkstra,warm,6,122.156562,122.156562,122.148539,0.0008194999999986408,0.0,4194278.0,524097.0,1.0,ce56415c0a35d9b5
E,"uniform n=524288 u[1,100]",gpu-frontier,warm,6,2.4768326000000003,5.9468605,2.203279975,0.02400648999999966,28.5,14925610.0,1856274.5,3.55856478755104,ce56415c0a35d9b5
E,"uniform n=524288 u[1,100]",gpu-nearfar,warm,6,2.9792020050000003,7.1294995,2.699440005,0.56556513,363.0,4383913.0,545512.5,1.0452127875167072,ce56415c0a35d9b5
E,"grid 1024x512 u[1,100]",delta-omp,warm,6,30.30953,30.30953,29.936992500000002,0.0004205000000023773,0.0,4562253.0,571106.0,2.178643127292176,b3591a002e8970cb
E,"grid 1024x512 u[1,100]",dial,warm,6,16.711427999999998,16.711427999999998,16.5516335,0.00013400000000096668,0.0,2094080.0,524288.0,1.0,b3591a002e8970cb
E,"grid 1024x512 u[1,100]",dijkstra,warm,6,58.344616,58.344616,58.343782000000004,0.00050099999999631,0.0,2094080.0,524288.0,1.0,b3591a002e8970cb
E,"grid 1024x512 u[1,100]",gpu-frontier,warm,6,35.4369509,37.5666365,35.1730728,0.02461816000000283,1268.5,76208564.0,19080101.5,36.39238424511002,b3591a002e8970cb
E,"grid 1024x512 u[1,100]",gpu-nearfar,warm,6,100.04009015,102.562702,99.74969465,0.27051637999999656,16188.0,2148005.5,537785.5,1.025751403957824,b3591a002e8970cb
E,"uniform n=1048576 u[1,100]",delta-omp,flushed,6,19.4916435,19.4916435,16.975089500000003,0.0007889999999974862,0.0,18512407.0,1151009.5,2.2068603571621006,bdcb775028e8cf1e
E,"uniform n=1048576 u[1,100]",delta-omp,warm,6,19.261678,19.261678,17.042109,0.000681499999997115,0.0,18512869.0,1150968.0,2.2069154320902293,bdcb775028e8cf1e
E,"uniform n=1048576 u[1,100]",dial,flushed,6,101.551759,101.551759,100.185964,0.000681999999997629,0.0,8388572.0,1048218.0,1.0,bdcb775028e8cf1e
E,"uniform n=1048576 u[1,100]",dial,warm,6,101.718001,101.718001,100.552832,0.00036300000000011323,0.0,8388572.0,1048218.0,1.0,bdcb775028e8cf1e
E,"uniform n=1048576 u[1,100]",dijkstra,flushed,6,314.008383,314.008383,314.0065315,0.001561500000008209,0.0,8388572.0,1048218.0,1.0,bdcb775028e8cf1e
E,"uniform n=1048576 u[1,100]",dijkstra,warm,6,311.0651885,311.0651885,311.063484,0.0009894999999744414,0.0,8388572.0,1048218.0,1.0,bdcb775028e8cf1e
E,"uniform n=1048576 u[1,100]",gpu-frontier,flushed,6,4.498419965,10.906856,4.021408085,0.02118232000000031,29.5,29355376.0,3650291.5,3.499448535459909,bdcb775028e8cf1e
E,"uniform n=1048576 u[1,100]",gpu-frontier,warm,6,4.493494484999999,10.8826425,4.025216105,0.023533519999999974,29.5,29396914.5,3655616.0,3.5044003317847183,bdcb775028e8cf1e
E,"uniform n=1048576 u[1,100]",gpu-nearfar,flushed,6,3.95219551,11.840568999999999,3.44107199,1.2823124949999993,388.0,8763783.0,1090533.0,1.0447288286969463,bdcb775028e8cf1e
E,"uniform n=1048576 u[1,100]",gpu-nearfar,warm,6,3.951347935,11.822693000000001,3.44777608,1.2711027450000003,388.0,8764095.5,1090566.0,1.0447660817598037,bdcb775028e8cf1e
E,"grid 1024x1024 u[1,100]",delta-omp,warm,6,83.0385735,83.0385735,82.143791,0.0007330000000038694,0.0,9132372.0,1142658.0,2.1794555306085046,c66701076edbaf96
E,"grid 1024x1024 u[1,100]",dial,warm,6,47.126587,47.126587,46.626450000000006,0.0004100000000022419,0.0,4190208.0,1048576.0,1.0,c66701076edbaf96
E,"grid 1024x1024 u[1,100]",dijkstra,warm,6,154.724143,154.724143,154.72229049999999,0.0011765000000139025,0.0,4190208.0,1048576.0,1.0,c66701076edbaf96
E,"grid 1024x1024 u[1,100]",gpu-frontier,warm,6,67.7949516,71.61120700000001,67.3459206,0.02439412999999746,1642.0,177891324.0,44522980.0,42.45405574138563,c66701076edbaf96
E,"grid 1024x1024 u[1,100]",gpu-nearfar,warm,6,131.496732,136.0455565,130.991341,0.5631090999999984,21309.0,4297227.5,1075348.0,1.0255403789024315,c66701076edbaf96
E,"uniform n=2097152 u[1,100]",delta-omp,warm,6,46.169558,46.169558,41.10148,0.0006389999999960594,0.0,37013974.0,2301327.5,2.2062092430063642,554446d8c7f8acde
E,"uniform n=2097152 u[1,100]",dial,warm,6,266.279448,266.279448,263.642495,0.0003764999999873453,0.0,16777182.0,2096455.0,1.0,554446d8c7f8acde
E,"uniform n=2097152 u[1,100]",dijkstra,warm,6,733.993933,733.993933,733.9923355,0.0009254999999939173,0.0,16777182.0,2096455.0,1.0,554446d8c7f8acde
E,"uniform n=2097152 u[1,100]",gpu-frontier,warm,6,11.875676,24.17294,11.0303998,0.02433877000000173,31.0,62591641.5,7781475.0,3.730760118117572,554446d8c7f8acde
E,"uniform n=2097152 u[1,100]",gpu-nearfar,warm,6,6.157004855,21.3443685,5.21979189,2.6083949200000003,420.0,17521834.5,2180550.5,1.044384837692051,554446d8c7f8acde
E,"grid 2048x1024 u[1,100]",delta-omp,warm,6,223.70263,223.70263,221.2238955,0.0006335000000063928,0.0,18270264.0,2285451.0,2.1795815645614462,e886722795e73a74
E,"grid 2048x1024 u[1,100]",dial,warm,6,136.11184350000002,136.11184350000002,134.900197,0.00033750000001475655,0.0,8382464.0,2097152.0,1.0,e886722795e73a74
E,"grid 2048x1024 u[1,100]",dijkstra,warm,6,402.0202795,402.0202795,402.018689,0.0011910000000057153,0.0,8382464.0,2097152.0,1.0,e886722795e73a74
E,"grid 2048x1024 u[1,100]",gpu-frontier,warm,6,203.10724199999999,210.1200895,202.094337,0.02515047499998957,2672.5,628258235.0,157186966.5,74.94911221807811,e886722795e73a74
E,"grid 2048x1024 u[1,100]",gpu-nearfar,warm,6,222.18224650000002,230.8265305,221.1663665,1.2945633649999877,35849.0,8597061.5,2150832.5,1.0256007660754642,e886722795e73a74
E,"uniform n=4194304 u[1,100]",delta-omp,flushed,6,112.99316300000001,112.99316300000001,102.450212,0.0009264999999913925,0.0,74027316.0,4602560.5,2.20618935590525,546ebf08dc181db3
E,"uniform n=4194304 u[1,100]",delta-omp,warm,6,112.800092,112.800092,102.20702299999999,0.0007015000000052396,0.0,74026287.0,4602608.0,2.206158689267988,546ebf08dc181db3
E,"uniform n=4194304 u[1,100]",dial,flushed,6,657.0497085,657.0497085,651.6525624999999,0.0008814999999913198,0.0,33554380.0,4192884.0,1.0,546ebf08dc181db3
E,"uniform n=4194304 u[1,100]",dial,warm,6,653.1191325,653.1191325,647.8160535,0.00047849999998561543,0.0,33554380.0,4192884.0,1.0,546ebf08dc181db3
E,"uniform n=4194304 u[1,100]",dijkstra,flushed,6,1756.686285,1756.686285,1756.075825,0.6371390000001611,0.0,33554380.0,4192884.0,1.0,546ebf08dc181db3
E,"uniform n=4194304 u[1,100]",dijkstra,warm,6,1754.99527,1754.99527,1754.3076350000001,0.7227325000000064,0.0,33554380.0,4192884.0,1.0,546ebf08dc181db3
E,"uniform n=4194304 u[1,100]",gpu-frontier,flushed,6,41.05350715,64.937657,39.118480700000006,0.02450375000000804,33.0,124743991.0,15508968.5,3.7176663970545722,546ebf08dc181db3
E,"uniform n=4194304 u[1,100]",gpu-frontier,warm,6,40.97262215,65.20188999999999,39.1198406,0.025218999999992775,33.0,124784107.5,15514009.5,3.718861963773433,546ebf08dc181db3
E,"uniform n=4194304 u[1,100]",gpu-nearfar,flushed,6,14.162493000000001,44.0348745,12.25903985,5.2942049499999975,444.0,35055955.0,4362308.0,1.0447504915900696,546ebf08dc181db3
E,"uniform n=4194304 u[1,100]",gpu-nearfar,warm,6,14.170658,43.910849999999996,12.2584801,5.257001850000002,443.0,35055886.5,4362287.5,1.0447484501278224,546ebf08dc181db3
E,"grid 2048x2048 u[1,100]",delta-omp,warm,6,544.5339305,544.5339305,539.2887015,0.0006509999999479987,0.0,36547680.0,4570675.0,2.17947568087445,2d1cf326d1ed3dc0
E,"grid 2048x2048 u[1,100]",dial,warm,6,325.98425599999996,325.98425599999996,323.35773,0.0005984999999668617,0.0,16769024.0,4194304.0,1.0,2d1cf326d1ed3dc0
E,"grid 2048x2048 u[1,100]",dijkstra,warm,6,898.386906,898.386906,898.3344695000001,0.025484500000061416,0.0,16769024.0,4194304.0,1.0,2d1cf326d1ed3dc0
E,"grid 2048x2048 u[1,100]",gpu-frontier,warm,6,822.372937,835.4491634999999,820.395538,0.030430860000080884,3479.5,1460087649.0,365233482.5,87.07052056219848,2d1cf326d1ed3dc0
E,"grid 2048x2048 u[1,100]",gpu-nearfar,warm,6,293.7623685,310.4273395,291.847885,2.6686197049999976,46433.0,17195041.5,4300854.5,1.025405026553722,2d1cf326d1ed3dc0
E,"uniform n=8388608 u[1,100]",delta-omp,warm,6,276.653421,276.653421,254.719908,0.000657000000046537,0.0,148060197.0,9205624.5,2.206270637193537,44cd7d27d7f31038
E,"uniform n=8388608 u[1,100]",dial,warm,6,1539.87985,1539.87985,1529.350105,0.0005040000000917644,0.0,67108810.0,8385830.0,1.0,44cd7d27d7f31038
E,"uniform n=8388608 u[1,100]",dijkstra,warm,6,4045.63819,4045.63819,4044.28062,1.3614159999997355,0.0,67108810.0,8385830.0,1.0,44cd7d27d7f31038
E,"uniform n=8388608 u[1,100]",gpu-frontier,warm,6,128.4537865,176.047269,119.0068775,0.025460499999979902,34.0,257296754.5,31978540.0,3.834023498554065,44cd7d27d7f31038
E,"uniform n=8388608 u[1,100]",gpu-nearfar,warm,6,45.99572115,105.1397935,36.65974235,10.5505147,451.0,70121780.5,8726051.5,1.0448967952195845,44cd7d27d7f31038
E,"grid 4096x2048 u[1,100]",delta-omp,warm,6,1191.89149,1191.89149,1181.38413,0.0007004999999935535,0.0,73103454.0,9141255.5,2.179450842498321,c78d951a42d42613
E,"grid 4096x2048 u[1,100]",dial,warm,6,725.074944,725.074944,719.7700735000001,0.00042050000007520794,0.0,33542144.0,8388608.0,1.0,c78d951a42d42613
E,"grid 4096x2048 u[1,100]",dijkstra,warm,6,2009.920795,2009.920795,2009.8844,0.017637999999919884,0.0,33542144.0,8388608.0,1.0,c78d951a42d42613
E,"grid 4096x2048 u[1,100]",gpu-frontier,warm,6,3083.043392,3108.9612500000003,3073.547485,0.050823999999693115,5228.0,4107857240.0,1027468223.0,122.46853510616376,c78d951a42d42613
E,"grid 4096x2048 u[1,100]",gpu-nearfar,warm,6,457.550917,491.5424145,447.8694765,5.3258302500000525,71596.0,34395126.0,8601918.5,1.0254301573566673,c78d951a42d42613
E,"uniform n=16777216 u[1,100]",delta-omp,warm,6,619.9271229999999,619.9271229999999,577.653245,0.0007100000000264117,0.0,296110989.0,18410454.5,2.206199578177778,2bd039ee44b12d2a
E,"uniform n=16777216 u[1,100]",dial,warm,6,3415.7474700000002,3415.7474700000002,3394.5526849999997,0.0005320000000210712,0.0,134217680.0,16771540.0,1.0,2bd039ee44b12d2a
E,"uniform n=16777216 u[1,100]",dijkstra,warm,6,8920.7945,8920.7945,8917.703464999999,3.1627044999995633,0.0,134217680.0,16771540.0,1.0,2bd039ee44b12d2a
E,"uniform n=16777216 u[1,100]",gpu-frontier,warm,6,330.592347,411.538786,311.689209,0.028555600000004233,35.5,525903788.0,65370243.5,3.9182899600112293,2bd039ee44b12d2a
E,"uniform n=16777216 u[1,100]",gpu-nearfar,warm,6,115.3694504,219.751392,96.54128265,21.277208200000004,478.0,140251742.0,17452558.0,1.0449572813358121,2bd039ee44b12d2a
E,"grid 4096x4096 u[1,100]",delta-omp,warm,6,1616.74986,1616.74986,1595.6452,0.000725499999987278,0.0,146259341.0,18286844.5,2.1799662346659416,7868820d38faf884
E,"grid 4096x4096 u[1,100]",dial,warm,6,1547.59244,1547.59244,1536.931885,0.0005255000000943255,0.0,67092480.0,16777216.0,1.0,7868820d38faf884
E,"grid 4096x4096 u[1,100]",dijkstra,warm,6,4413.349325,4413.349325,4413.314955,0.022012999999788008,0.0,67092480.0,16777216.0,1.0,7868820d38faf884
E,"grid 4096x4096 u[1,100]",gpu-frontier,warm,6,8551.575333,8597.712155,8532.59424,0.09877065000046059,6179.5,9761011410.0,2440972598.0,145.48592345967836,7868820d38faf884
E,"grid 4096x4096 u[1,100]",gpu-nearfar,warm,6,593.018841,651.9292230000001,573.8207395,10.614587349999908,87881.0,68798108.5,17203704.5,1.0254220517709287,7868820d38faf884
HO,"grid 1024x1024 natural u[1,100]",delta,warm,8,45.64639699999999,45.64639699999999,44.6865925,0.00040550000000294517,0.0,9133337.0,1142767.5,2.1796858294385384,33a5cdf17db6a2ef
HO,"grid 1024x1024 natural u[1,100]",delta-omp,warm,8,46.6925565,46.6925565,45.760802,0.0006620000000019388,0.0,9133337.0,1142767.5,2.1796858294385384,33a5cdf17db6a2ef
HO,"grid 1024x1024 natural u[1,100]",dial,warm,8,24.053562499999998,24.053562499999998,23.510452,0.00036300000000011323,0.0,4190208.0,1048576.0,1.0,33a5cdf17db6a2ef
HO,"grid 1024x1024 natural u[1,100]",dijkstra,warm,8,99.202658,99.202658,99.201198,0.0007975000000044474,0.0,4190208.0,1048576.0,1.0,33a5cdf17db6a2ef
HO,"grid 1024x1024 natural u[1,100]",gpu-edge,warm,8,61.522517449999995,68.150283,60.99163245,0.0224482849999994,1578.5,6614243328.0,0.0,1578.5,33a5cdf17db6a2ef
HO,"grid 1024x1024 natural u[1,100]",gpu-frontier,warm,8,69.4073143,73.1582885,68.94068905,0.02275031500001745,1644.0,188087780.0,47074503.0,44.887456660862654,33a5cdf17db6a2ef
HO,"grid 1024x1024 natural u[1,100]",gpu-nearfar,warm,8,131.617377,136.18537350000003,131.130783,0.5716849599999847,21335.0,4297156.5,1075331.5,1.0255234346361803,33a5cdf17db6a2ef
HO,"grid 1024x1024 natural u[1,100]",gpu-topo,warm,8,67.13200359999999,70.61886849999999,66.68238445,0.026526045000000664,1644.0,3932417059.5,983902394.5,938.477769957959,33a5cdf17db6a2ef
HO,"grid 1024x1024 u[1,100]",delta,warm,8,79.46736,79.46736,78.45677649999999,0.0005219999999965808,0.0,9131823.0,1142588.5,2.1793245108596038,c66701076edbaf96
HO,"grid 1024x1024 u[1,100]",delta-omp,warm,8,84.810311,84.810311,83.815095,0.0006960000000049149,0.0,9131823.0,1142588.5,2.1793245108596038,c66701076edbaf96
HO,"grid 1024x1024 u[1,100]",dial,warm,8,47.912785,47.912785,47.434160500000004,0.0004955000000030907,0.0,4190208.0,1048576.0,1.0,c66701076edbaf96
HO,"grid 1024x1024 u[1,100]",dijkstra,warm,8,155.5004925,155.5004925,155.4985155,0.0011284999999929823,0.0,4190208.0,1048576.0,1.0,c66701076edbaf96
HO,"grid 1024x1024 u[1,100]",gpu-edge,warm,8,87.65127075,94.3032805,87.10240175,0.023338174999992134,915.5,3836135424.0,0.0,915.5,c66701076edbaf96
HO,"grid 1024x1024 u[1,100]",gpu-frontier,warm,8,70.51757369999999,74.2685025,70.0263672,0.023010474999992425,1756.5,185768770.0,46495769.5,44.334021127352145,c66701076edbaf96
HO,"grid 1024x1024 u[1,100]",gpu-nearfar,warm,8,138.9097615,143.4918915,138.393021,0.5729329800000045,22498.0,4297238.5,1075348.5,1.0255430040704425,c66701076edbaf96
HO,"grid 1024x1024 u[1,100]",gpu-topo,warm,8,128.320502,131.75597950000002,127.834881,0.02802541499999478,1043.5,3152600815.0,788869693.5,752.3733463828048,c66701076edbaf96
HO,"geometric n=1048576 u[1,100]",delta,warm,8,153.3486405,153.3486405,151.0979325,0.0005795000000006212,0.0,18484576.0,1147220.5,2.207980926238487,f5498cb09199effd
HO,"geometric n=1048576 u[1,100]",delta-omp,warm,8,158.5622865,158.5622865,155.8654515,0.0007830000000126347,0.0,18484576.0,1147220.5,2.207980926238487,f5498cb09199effd
HO,"geometric n=1048576 u[1,100]",dial,warm,8,102.5707965,102.5707965,101.2196545,0.0004220000000003665,0.0,8371710.0,1047431.0,1.0,f5498cb09199effd
HO,"geometric n=1048576 u[1,100]",dijkstra,warm,8,271.659294,271.659294,271.657236,0.0012440000000140117,0.0,8371710.0,1047431.0,1.0,f5498cb09199effd
HO,"geometric n=1048576 u[1,100]",gpu-edge,warm,8,138.4246195,156.1433945,137.879379,0.027012525000003507,767.0,6422761358.0,0.0,767.1982615260204,f5498cb09199effd
HO,"geometric n=1048576 u[1,100]",gpu-frontier,warm,8,160.89399600000002,167.4145555,160.39966550000003,0.024143335000019306,1498.0,1100646168.5,137139544.5,131.47208497427647,f5498cb09199effd
HO,"geometric n=1048576 u[1,100]",gpu-nearfar,warm,8,143.12395400000003,150.92911650000002,142.613426,1.2441369100000088,23527.0,8794469.5,1091100.5,1.0504985839213254,f5498cb09199effd
HO,"geometric n=1048576 u[1,100]",gpu-topo,warm,8,205.685229,211.686334,205.205597,0.02808348999997179,891.5,5751742709.0,719531901.0,687.0451447792625,f5498cb09199effd
HO,"uniform n=1048576 u[1,100]",delta,warm,8,174.89087,174.89087,172.4883165,0.0004999999999739657,0.0,18512315.0,1150960.0,2.2068493898603956,bdcb775028e8cf1e
HO,"uniform n=1048576 u[1,100]",delta-omp,warm,8,19.602347,19.602347,17.2656195,0.0006519999999969883,0.0,18512733.0,1151009.5,2.2068992195572736,bdcb775028e8cf1e
HO,"uniform n=1048576 u[1,100]",dial,warm,8,102.181794,102.181794,100.99915,0.00035900000000310683,0.0,8388572.0,1048218.0,1.0,bdcb775028e8cf1e
HO,"uniform n=1048576 u[1,100]",dijkstra,warm,8,312.67422650000003,312.67422650000003,312.672488,0.0009940000000199234,0.0,8388572.0,1048218.0,1.0,bdcb775028e8cf1e
HO,"uniform n=1048576 u[1,100]",gpu-edge,warm,8,3.58164091,21.311238,3.060960055,0.0260792900000002,18.0,150994296.0,0.0,18.0,bdcb775028e8cf1e
HO,"uniform n=1048576 u[1,100]",gpu-frontier,warm,8,4.4619627,10.757865500000001,3.9992800949999996,0.02217055000000112,29.5,29528977.0,3671485.5,3.5201434761482644,bdcb775028e8cf1e
HO,"uniform n=1048576 u[1,100]",gpu-nearfar,warm,8,3.941291005,11.750379,3.438624025,1.2976535149999995,386.0,8764279.0,1090602.5,1.0447879567583134,bdcb775028e8cf1e
HO,"uniform n=1048576 u[1,100]",gpu-topo,warm,8,4.766857465,10.748475,4.29739189,0.02633065000000112,20.5,140919670.5,17574601.0,16.799005897547282,bdcb775028e8cf1e
HO,"rmat n=1048576 u[1,100]",delta,warm,8,100.546197,100.546197,98.318082,0.0005009999999998627,0.0,27387290.0,522531.5,3.350704317024877,7b02059ef226d677
HO,"rmat n=1048576 u[1,100]",delta-omp,warm,8,13.259387499999999,13.259387499999999,11.217494,0.0006849999999998246,0.0,27388472.0,522399.5,3.3508489290877255,7b02059ef226d677
HO,"rmat n=1048576 u[1,100]",dial,warm,8,41.5671935,41.5671935,40.2758155,0.00040199999999757097,0.0,8173592.0,444981.0,1.0,7b02059ef226d677
HO,"rmat n=1048576 u[1,100]",dijkstra,warm,8,121.81933799999999,121.81933799999999,121.817452,0.0011874999999932356,0.0,8173592.0,444981.0,1.0,7b02059ef226d677
HO,"rmat n=1048576 u[1,100]",gpu-edge,warm,8,2.019514505,18.341206999999997,1.50315201,0.025430905000002113,9.0,73579176.0,0.0,9.002061272449126,7b02059ef226d677
HO,"rmat n=1048576 u[1,100]",gpu-frontier,warm,8,3.900516035,10.1096605,3.400080085,0.02251936499999907,13.0,27710567.5,1440777.5,3.3902557773864905,7b02059ef226d677
HO,"rmat n=1048576 u[1,100]",gpu-nearfar,warm,8,4.31186546,11.987974999999999,3.805264,1.218005520000001,264.0,15114239.0,560444.0,1.8491550593667998,7b02059ef226d677
HO,"rmat n=1048576 u[1,100]",gpu-topo,warm,8,36.40303175,42.3831145,35.927984249999994,0.026787720000001514,11.5,75032561.0,3902413.0,9.179875995767834,7b02059ef226d677
