run_id,graph_id,source,solver,device,mode,session,query_index,rep,warmup,instrumented,order_pos,cache_state,threads,counters_on,delta_used,wall_ms,prep_ms,alloc_ms,h2d_ms,solve_ms,d2h_ms,free_ms,kernel_ms,iterations,sync_rounds,host_syncs,parallel_phases,serial_phases,vertices_expanded,edges_touched,mismatches,dist_hash,gpu_clock_mhz_measured,gpu_foreign_procs,load1
20260927T191023Z-297f,008058d065bdeaa0,140379,delta,cpu,oneshot,,0,-1,1,0,0,warm,24,1,1,155.884762,0,1.397974,0,154.485901,0,0.000195,,135,270,0,0,0,1048218,16777144,0,380c93ec3493cb04,,0,1.88
20260927T191023Z-297f,008058d065bdeaa0,140379,delta-omp,cpu,oneshot,,0,-1,1,0,0,warm,24,1,1,21.766323,0,1.213743,0,20.551313,0,0.000211,,135,270,0,86,184,1048218,16777144,0,380c93ec3493cb04,,0,1.88
20260927T191023Z-297f,008058d065bdeaa0,140379,gpu-nearfar,gpu,oneshot,,0,-1,1,0,0,warm,0,1,1,14.260424,0,0.374346,4.50492811,6.85529613,0.561238,1.939993,,272,272,1098,0,0,1048218,8388572,0,380c93ec3493cb04,2494.06162,0,1.88
20260927T191023Z-297f,008058d065bdeaa0,140379,delta,cpu,oneshot,,0,0,0,0,0,warm,24,1,1,158.487532,0,1.243012,0,157.243904,0,0.000172,,135,270,0,0,0,1048218,16777144,0,380c93ec3493cb04,,0,1.88
20260927T191023Z-297f,008058d065bdeaa0,140379,delta-omp,cpu,oneshot,,0,0,0,0,1,warm,24,1,1,19.023359,0,1.293532,0,17.728732,0,0.000167,,135,270,0,85,185,1048218,16777144,0,380c93ec3493cb04,,0,1.88
20260927T191023Z-297f,008058d065bdeaa0,140379,gpu-nearfar,gpu,oneshot,,0,0,0,0,2,warm,0,1,1,17.838272,0,0.481938,7.98243189,6.87443209,0.523929,1.945371,,272,272,1098,0,0,1048218,8388572,0,380c93ec3493cb04,2495.87967,0,1.88
20260927T191023Z-297f,008058d065bdeaa0,140379,delta,cpu,oneshot,,0,1,0,0,0,warm,24,1,1,146.000879,0,1.154142,0,144.845776,0,0.000362,,135,270,0,0,0,1048218,16777144,0,380c93ec3493cb04,,0,1.88
20260927T191023Z-297f,008058d065bdeaa0,140379,delta-omp,cpu,oneshot,,0,1,0,0,1,warm,24,1,1,17.600393,0,1.223735,0,16.375563,0,0.000167,,135,270,0,85,185,1048218,16777144,0,380c93ec3493cb04,,0,1.88
20260927T191023Z-297f,008058d065bdeaa0,140379,gpu-nearfar,gpu,oneshot,,0,1,0,0,2,warm,0,1,1,14.097324,0,0.345641,4.37913609,6.96076822,0.448382,1.938019,,272,272,1098,0,0,1048218,8388572,0,380c93ec3493cb04,2495.87967,0,1.88
20260927T191023Z-297f,008058d065bdeaa0,140379,delta-omp,cpu,oneshot,,0,2,0,0,0,warm,24,1,1,18.228841,0,1.264552,0,16.963531,0,0.000168,,135,270,0,85,185,1048218,16777144,0,380c93ec3493cb04,,0,1.88
20260927T191023Z-297f,008058d065bdeaa0,140379,gpu-nearfar,gpu,oneshot,,0,2,0,0,1,warm,0,1,1,14.138157,0,0.332251,4.36764812,6.91065598,0.559673,1.94374,,272,272,1098,0,0,1048218,8388572,0,380c93ec3493cb04,2495.64247,0,1.88
20260927T191023Z-297f,008058d065bdeaa0,140379,delta,cpu,oneshot,,0,2,0,0,2,warm,24,1,1,158.263547,0,1.308918,0,156.953845,0,0.000345,,135,270,0,0,0,1048218,16777144,0,380c93ec3493cb04,,0,1.88
20260927T191023Z-297f,008058d065bdeaa0,143033,gpu-nearfar,gpu,oneshot,,0,0,0,0,0,warm,0,1,1,13.962832,0,0.335884,4.39113617,6.79804802,0.503434,1.911512,,269,269,1088,0,0,1048218,8388572,0,8650c66b9d22b696,2495.87967,0,1.88
20260927T191023Z-297f,008058d065bdeaa0,143033,delta,cpu,oneshot,,0,0,0,0,1,warm,24,1,1,156.402758,0,1.357941,0,155.044279,0,0.000247,,132,264,0,0,0,1048218,16777144,0,8650c66b9d22b696,,0,1.88
20260927T191023Z-297f,008058d065bdeaa0,143033,delta-omp,cpu,oneshot,,0,0,0,0,2,warm,24,1,1,17.423504,0,1.243458,0,16.179175,0,0.000178,,132,264,0,86,178,1048218,16777144,0,8650c66b9d22b696,,0,1.88
20260927T191023Z-297f,008058d065bdeaa0,143033,delta-omp,cpu,oneshot,,0,1,0,0,0,warm,24,1,1,17.450137,0,1.211338,0,16.237685,0,0.000168,,132,264,0,86,178,1048218,16777144,0,8650c66b9d22b696,,0,1.88
20260927T191023Z-297f,008058d065bdeaa0,143033,delta,cpu,oneshot,,0,1,0,0,1,warm,24,1,1,154.895328,0,1.195196,0,153.699116,0,0.000247,,132,264,0,0,0,1048218,16777144,0,8650c66b9d22b696,,0,1.88
20260927T191023Z-297f,008058d065bdeaa0,143033,gpu-nearfar,gpu,oneshot,,0,1,0,0,2,warm,0,1,1,13.905824,0,0.328949,4.42630386,6.78566408,0.409259,1.932099,,269,269,1088,0,0,1048218,8388572,0,8650c66b9d22b696,2495.87967,0,1.88
20260927T191023Z-297f,008058d065bdeaa0,143033,delta-omp,cpu,oneshot,,0,2,0,0,0,warm,24,1,1,17.804387,0,1.26861,0,16.534573,0,0.000223,,132,264,0,86,178,1048218,16777144,0,8650c66b9d22b696,,0,1.81
20260927T191023Z-297f,008058d065bdeaa0,143033,gpu-nearfar,gpu,oneshot,,0,2,0,0,1,warm,0,1,1,13.870078,0,0.329858,4.36003208,6.7978878,0.422121,1.936703,,269,269,1088,0,0,1048218,8388572,0,8650c66b9d22b696,2494.06162,0,1.81
20260927T191023Z-297f,008058d065bdeaa0,143033,delta,cpu,oneshot,,0,2,0,0,2,warm,24,1,1,156.28804,0,1.271037,0,155.016223,0,0.000301,,132,264,0,0,0,1048218,16777144,0,8650c66b9d22b696,,0,1.81
20260927T191023Z-297f,008058d065bdeaa0,473133,gpu-nearfar,gpu,oneshot,,0,0,0,0,0,warm,0,1,1,14.02965,0,0.351617,4.41871977,6.79472017,0.522399,1.917878,,268,268,1086,0,0,1048218,8388572,0,d0a01f729867269a,2495.87967,0,1.81
20260927T191023Z-297f,008058d065bdeaa0,473133,delta-omp,cpu,oneshot,,0,0,0,0,1,warm,24,1,1,18.159266,0,1.42877,0,16.729629,0,0.000265,,136,272,0,86,186,1048218,16777144,0,d0a01f729867269a,,0,1.81
20260927T191023Z-297f,008058d065bdeaa0,473133,delta,cpu,oneshot,,0,0,0,0,2,warm,24,1,1,143.188601,0,1.236905,0,141.951079,0,0.000237,,136,272,0,0,0,1048218,16777144,0,d0a01f729867269a,,0,1.81
20260927T191023Z-297f,008058d065bdeaa0,473133,delta-omp,cpu,oneshot,,0,1,0,0,0,warm,24,1,1,17.140166,0,1.240618,0,15.898568,0,0.000237,,136,272,0,86,186,1048218,16777144,0,d0a01f729867269a,,0,1.81
20260927T191023Z-297f,008058d065bdeaa0,473133,delta,cpu,oneshot,,0,1,0,0,1,warm,24,1,1,154.496279,0,1.23188,0,153.263417,0,0.000277,,136,272,0,0,0,1048218,16777144,0,d0a01f729867269a,,0,1.81
20260927T191023Z-297f,008058d065bdeaa0,473133,gpu-nearfar,gpu,oneshot,,0,1,0,0,2,warm,0,1,1,13.863515,0,0.350102,4.37523222,6.78697586,0.417378,1.911173,,268,268,1086,0,0,1048218,8388572,0,d0a01f729867269a,2495.87967,0,1.81
20260927T191023Z-297f,008058d065bdeaa0,473133,delta-omp,cpu,oneshot,,0,2,0,0,0,warm,24,1,1,18.092606,0,1.257405,0,16.834116,0,0.000186,,136,272,0,87,185,1048218,16777144,0,d0a01f729867269a,,0,1.81
20260927T191023Z-297f,008058d065bdeaa0,473133,delta,cpu,oneshot,,0,2,0,0,1,warm,24,1,1,142.082437,0,1.245809,0,140.835761,0,0.000239,,136,272,0,0,0,1048218,16777144,0,d0a01f729867269a,,0,1.81
20260927T191023Z-297f,008058d065bdeaa0,473133,gpu-nearfar,gpu,oneshot,,0,2,0,0,2,warm,0,1,1,13.916066,0,0.332676,4.4205122,6.80003214,0.43064,1.909369,,268,268,1086,0,0,1048218,8388572,0,d0a01f729867269a,2495.72173,0,1.81
20260927T191023Z-297f,008058d065bdeaa0,22045,gpu-nearfar,gpu,oneshot,,0,0,0,0,0,warm,0,1,1,13.930178,0,0.332021,4.37990379,6.77948809,0.501055,1.915878,,266,266,1078,0,0,1048218,8388572,0,0d3a7562661b107b,2495.87967,0,1.81
20260927T191023Z-297f,008058d065bdeaa0,22045,delta-omp,cpu,oneshot,,0,0,0,0,1,warm,24,1,1,17.639678,0,1.367414,0,16.27157,0,0.000173,,133,266,0,87,179,1048218,16777144,0,0d3a7562661b107b,,0,1.81
20260927T191023Z-297f,008058d065bdeaa0,22045,delta,cpu,oneshot,,0,0,0,0,2,warm,24,1,1,156.697886,0,1.205967,0,155.491147,0,0.0003,,133,266,0,0,0,1048218,16777144,0,0d3a7562661b107b,,0,1.81
20260927T191023Z-297f,008058d065bdeaa0,22045,delta-omp,cpu,oneshot,,0,1,0,0,0,warm,24,1,1,17.577981,0,1.281553,0,16.295582,0,0.000167,,133,266,0,86,180,1048218,16777144,0,0d3a7562661b107b,,0,1.81
20260927T191023Z-297f,008058d065bdeaa0,22045,delta,cpu,oneshot,,0,1,0,0,1,warm,24,1,1,156.918175,0,1.209568,0,155.707911,0,0.000248,,133,266,0,0,0,1048218,16777144,0,0d3a7562661b107b,,0,1.81
20260927T191023Z-297f,008058d065bdeaa0,22045,gpu-nearfar,gpu,oneshot,,0,1,0,0,2,warm,0,1,1,13.962807,0,0.342078,4.48383999,6.75859213,0.445543,1.909839,,266,266,1078,0,0,1048218,8388572,0,0d3a7562661b107b,2495.87967,0,1.81
20260927T191023Z-297f,008058d065bdeaa0,22045,gpu-nearfar,gpu,oneshot,,0,2,0,0,0,warm,0,1,1,13.908703,0,0.246819,4.51596785,6.72483206,0.506793,1.894391,,266,266,1078,0,0,1048218,8388572,0,0d3a7562661b107b,2495.87967,0,1.81
20260927T191023Z-297f,008058d065bdeaa0,22045,delta-omp,cpu,oneshot,,0,2,0,0,1,warm,24,1,1,17.733813,0,1.317338,0,16.415762,0,0.000168,,133,266,0,86,180,1048218,16777144,0,0d3a7562661b107b,,0,1.81
20260927T191023Z-297f,008058d065bdeaa0,22045,delta,cpu,oneshot,,0,2,0,0,2,warm,24,1,1,156.497945,0,1.20538,0,155.291768,0,0.000303,,133,266,0,0,0,1048218,16777144,0,0d3a7562661b107b,,0,1.81
20260927T191023Z-297f,008058d065bdeaa0,367943,delta-omp,cpu,oneshot,,0,0,0,0,0,warm,24,1,1,17.565974,0,1.385016,0,16.18006,0,0.000167,,134,268,0,85,183,1048218,16777144,0,739cef702f130083,,0,1.81
20260927T191023Z-297f,008058d065bdeaa0,367943,gpu-nearfar,gpu,oneshot,,0,0,0,0,1,warm,0,1,1,13.963752,0,0.364645,4.35587215,6.85311985,0.428363,1.937986,,272,272,1098,0,0,1048218,8388572,0,739cef702f130083,2494.45686,0,1.81
20260927T191023Z-297f,008058d065bdeaa0,367943,delta,cpu,oneshot,,0,0,0,0,2,warm,24,1,1,157.135787,0,1.349731,0,155.784785,0,0.00025,,134,268,0,0,0,1048218,16777144,0,739cef702f130083,,0,1.81
20260927T191023Z-297f,008058d065bdeaa0,367943,delta,cpu,oneshot,,0,1,0,0,0,warm,24,1,1,157.215027,0,1.217232,0,155.997161,0,0.000192,,134,268,0,0,0,1048218,16777144,0,739cef702f130083,,0,1.81
20260927T191023Z-297f,008058d065bdeaa0,367943,delta-omp,cpu,oneshot,,0,1,0,0,1,warm,24,1,1,17.577015,0,1.233406,0,16.342932,0,0.000187,,134,268,0,85,183,1048218,16777144,0,739cef702f130083,,0,1.81
20260927T191023Z-297f,008058d065bdeaa0,367943,gpu-nearfar,gpu,oneshot,,0,1,0,0,2,warm,0,1,1,13.937767,0,0.33602,4.37903976,6.82255983,0.43558,1.940578,,272,272,1098,0,0,1048218,8388572,0,739cef702f130083,2496.11721,0,1.81
20260927T191023Z-297f,008058d065bdeaa0,367943,gpu-nearfar,gpu,oneshot,,0,2,0,0,0,warm,0,1,1,13.990641,0,0.285821,4.41516781,6.85577583,0.510762,1.901512,,272,272,1098,0,0,1048218,8388572,0,739cef702f130083,2495.95894,0,1.81
20260927T191023Z-297f,008058d065bdeaa0,367943,delta,cpu,oneshot,,0,2,0,0,1,warm,24,1,1,148.38123,0,1.282438,0,147.098064,0,0.000162,,134,268,0,0,0,1048218,16777144,0,739cef702f130083,,0,1.81
20260927T191023Z-297f,008058d065bdeaa0,367943,delta-omp,cpu,oneshot,,0,2,0,0,2,warm,24,1,1,16.983686,0,1.283513,0,15.699123,0,0.000106,,134,268,0,85,183,1048218,16777144,0,739cef702f130083,,0,1.81
20260927T191023Z-297f,008058d065bdeaa0,955628,delta-omp,cpu,oneshot,,0,0,0,0,0,warm,24,1,1,17.36444,0,1.42654,0,15.936917,0,0.000164,,137,274,0,86,188,1048218,16777144,0,3443a56789fee326,,0,1.81
20260927T191023Z-297f,008058d065bdeaa0,955628,gpu-nearfar,gpu,oneshot,,0,0,0,0,1,warm,0,1,1,14.075384,0,0.333036,4.36313581,6.99750423,0.420114,1.938015,,278,278,1122,0,0,1048218,8388572,0,3443a56789fee326,2493.90391,0,1.81
20260927T191023Z-297f,008058d065bdeaa0,955628,delta,cpu,oneshot,,0,0,0,0,2,warm,24,1,1,159.379245,0,1.293301,0,158.085179,0,0.000241,,137,274,0,0,0,1048218,16777144,0,3443a56789fee326,,0,1.81
20260927T191023Z-297f,008058d065bdeaa0,955628,gpu-nearfar,gpu,oneshot,,0,1,0,0,0,warm,0,1,1,14.306091,0,0.33517,4.46278381,7.14307213,0.431499,1.910892,,278,278,1122,0,0,1048218,8388572,0,3443a56789fee326,2498.41358,0,1.81
20260927T191023Z-297f,008058d065bdeaa0,955628,delta-omp,cpu,oneshot,,0,1,0,0,1,warm,24,1,1,17.978941,0,1.346327,0,16.63166,0,0.000172,,137,274,0,85,189,1048218,16777144,0,3443a56789fee326,,0,1.81
20260927T191023Z-297f,008058d065bdeaa0,955628,delta,cpu,oneshot,,0,1,0,0,2,warm,24,1,1,158.986423,0,1.201366,0,157.784325,0,0.000248,,137,274,0,0,0,1048218,16777144,0,3443a56789fee326,,0,1.81
20260927T191023Z-297f,008058d065bdeaa0,955628,gpu-nearfar,gpu,oneshot,,0,2,0,0,0,warm,0,1,1,14.029642,0,0.340327,4.38819218,6.95663977,0.413293,1.908878,,278,278,1122,0,0,1048218,8388572,0,3443a56789fee326,2495.87967,0,1.81
20260927T191023Z-297f,008058d065bdeaa0,955628,delta,cpu,oneshot,,0,2,0,0,1,warm,24,1,1,156.580263,0,1.290029,0,155.289378,0,0.000257,,137,274,0,0,0,1048218,16777144,0,3443a56789fee326,,0,1.81
20260927T191023Z-297f,008058d065bdeaa0,955628,delta-omp,cpu,oneshot,,0,2,0,0,2,warm,24,1,1,16.952318,0,1.228036,0,15.723482,0,0.000167,,137,274,0,85,189,1048218,16777144,0,3443a56789fee326,,0,1.81
20260927T191023Z-297f,008058d065bdeaa0,493619,gpu-nearfar,gpu,oneshot,,0,0,0,0,0,warm,0,1,1,14.064467,0,0.34202,4.38051224,6.90438414,0.499418,1.916231,,272,272,1102,0,0,1048218,8388572,0,8d601b1debc32959,2495.87967,0,1.81
20260927T191023Z-297f,008058d065bdeaa0,493619,delta,cpu,oneshot,,0,0,0,0,1,warm,24,1,1,159.214225,0,1.362303,0,157.851439,0,0.000248,,137,274,0,0,0,1048218,16777144,0,8d601b1debc32959,,0,1.81
20260927T191023Z-297f,008058d065bdeaa0,493619,delta-omp,cpu,oneshot,,0,0,0,0,2,warm,24,1,1,17.081651,0,1.268158,0,15.812579,0,0.000302,,137,274,0,86,188,1048218,16777144,0,8d601b1debc32959,,0,1.74
20260927T191023Z-297f,008058d065bdeaa0,493619,gpu-nearfar,gpu,oneshot,,0,1,0,0,0,warm,0,1,1,14.027207,0,0.334044,4.37264013,6.92492819,0.431907,1.939198,,272,272,1102,0,0,1048218,8388572,0,8d601b1debc32959,2495.87967,0,1.74
20260927T191023Z-297f,008058d065bdeaa0,493619,delta,cpu,oneshot,,0,1,0,0,1,warm,24,1,1,156.292569,0,1.257313,0,155.034549,0,0.000238,,137,274,0,0,0,1048218,16777144,0,8d601b1debc32959,,0,1.74
20260927T191023Z-297f,008058d065bdeaa0,493619,delta-omp,cpu,oneshot,,0,1,0,0,2,warm,24,1,1,17.433759,0,1.213804,0,16.219189,0,0.000163,,137,274,0,86,188,1048218,16777144,0,8d601b1debc32959,,0,1.74
20260927T191023Z-297f,008058d065bdeaa0,493619,delta-omp,cpu,oneshot,,0,2,0,0,0,warm,24,1,1,17.613083,0,1.220931,0,16.391483,0,0.000171,,137,274,0,86,188,1048218,16777144,0,8d601b1debc32959,,0,1.74
20260927T191023Z-297f,008058d065bdeaa0,493619,delta,cpu,oneshot,,0,2,0,0,1,warm,24,1,1,161.438738,0,1.199988,0,160.237849,0,0.000264,,137,274,0,0,0,1048218,16777144,0,8d601b1debc32959,,0,1.74
20260927T191023Z-297f,008058d065bdeaa0,493619,gpu-nearfar,gpu,oneshot,,0,2,0,0,2,warm,0,1,1,13.972576,0,0.338635,4.37619209,6.86764812,0.44053,1.926064,,272,272,1102,0,0,1048218,8388572,0,8d601b1debc32959,2495.87967,0,1.74
20260927T191023Z-297f,008058d065bdeaa0,78040,delta-omp,cpu,oneshot,,0,0,0,0,0,warm,24,1,1,17.465112,0,1.431087,0,16.033198,0,9.3e-05,,136,272,0,86,186,1048218,16777144,0,9b110e07f4506d78,,0,1.74
20260927T191023Z-297f,008058d065bdeaa0,78040,delta,cpu,oneshot,,0,0,0,0,1,warm,24,1,1,158.226376,0,1.202077,0,157.02363,0,0.000359,,136,272,0,0,0,1048218,16777144,0,9b110e07f4506d78,,0,1.74
20260927T191023Z-297f,008058d065bdeaa0,78040,gpu-nearfar,gpu,oneshot,,0,0,0,0,2,warm,0,1,1,14.132782,0,0.34361,4.48188782,6.96063995,0.413797,1.910802,,276,276,1114,0,0,1048218,8388572,0,9b110e07f4506d78,2495.87967,0,1.74
20260927T191023Z-297f,008058d065bdeaa0,78040,gpu-nearfar,gpu,oneshot,,0,1,0,0,0,warm,0,1,1,14.049513,0,0.254304,4.43043184,6.93926382,0.50632,1.898118,,276,276,1114,0,0,1048218,8388572,0,9b110e07f4506d78,2497.70067,0,1.74
20260927T191023Z-297f,008058d065bdeaa0,78040,delta-omp,cpu,oneshot,,0,1,0,0,1,warm,24,1,1,17.568212,0,1.296971,0,16.270421,0,0.000178,,136,272,0,85,187,1048218,16777144,0,9b110e07f4506d78,,0,1.74
20260927T191023Z-297f,008058d065bdeaa0,78040,delta,cpu,oneshot,,0,1,0,0,2,warm,24,1,1,155.983771,0,1.207815,0,154.775424,0,0.000285,,136,272,0,0,0,1048218,16777144,0,9b110e07f4506d78,,0,1.74
20260927T191023Z-297f,008058d065bdeaa0,78040,delta-omp,cpu,oneshot,,0,2,0,0,0,warm,24,1,1,16.982077,0,1.231375,0,15.749723,0,0.000167,,136,272,0,85,187,1048218,16777144,0,9b110e07f4506d78,,0,1.74
20260927T191023Z-297f,008058d065bdeaa0,78040,gpu-nearfar,gpu,oneshot,,0,2,0,0,1,warm,0,1,1,14.119395,0,0.334324,4.35420799,7.0201602,0.45958,1.92502,,276,276,1114,0,0,1048218,8388572,0,9b110e07f4506d78,2493.74592,0,1.74
20260927T191023Z-297f,008058d065bdeaa0,78040,delta,cpu,oneshot,,0,2,0,0,2,warm,24,1,1,156.591028,0,1.257078,0,155.333122,0,0.000247,,136,272,0,0,0,1048218,16777144,0,9b110e07f4506d78,,0,1.74
